cod;p;1;1001;1003;1004;1006;1_HJU;1_MJD
110000102;0;2615;862;-20;0;0;0;91
110000103;0;45;44;0;0;0;0;-8
110000104;0;0;0;0;0;0;0;11
110000107;0;221;14;0;0;0;0;12
110000108;0;41;8;0;0;0;0;6
110000109;0;93;6;0;0;0;0;0
110000111;0;0;0;0;0;0;0;0
110000114;0;0;1;0;0;0;0;0
110000115;0;4;0;0;0;0;0;-6
110000116;0;-7;-9;0;0;0;0;-5
110000119;0;15;-10;0;0;0;0;-8
110000120;0;54;33;0;0;0;0;2
110000121;0;22;0;0;0;0;0;13
110000123;0;25;-60;-20;0;0;0;-1
110000124;0;74;13;0;0;0;0;4
110000125;0;288;10;95;0;0;0;64
110000127;0;0;0;0;0;0;0;0
110000128;0;0;79;0;0;0;0;-15
110000129;0;-69;-2;0;0;0;0;0
110000133;0;24;-34;0;0;0;0;-2
110000135;0;18;15;0;0;0;0;0
110000136;0;154;100;0;0;0;0;0
110000138;0;40;0;0;0;0;0;28
110000139;0;0;0;0;0;0;0;0
110000141;0;-1;-23;0;0;0;0;-1
110000143;0;12;-90;0;0;0;0;-2,5
110000145;0;0;1;0;0;0;0;2
110000146;0;0;-2;0;1;0;0;-116
110000152;0;0;83;0;0;0;0;-87
110000154;0;1;0;0;0;0;0;1
110000160;0;0;690;41;0;0;0;0
110000162;0;163;0;0;0;0;0;1
110000163;0;0;2040;100;0;0;0;32
110000164;0;0;0;0;0;0;0;-28
110000166;0;0;88;0;0;0;0;-164
110000174;0;0;0;0;0;0;0;0
110000175;0;14;0;0;0;0;0;3
110000178;0;0;29;-1;-12;0;0;-44
110000182;0;-18;10;0;0;0;0;-11
110000183;0;0;0;0;0;0;0;16
110000189;0;422,5;-33;0;0;0;0;0
110000190;0;202;1;0;0;0;0;0
110000191;0;591;80;0;0;0;0;17
110000192;0;780;430;0;0;0;0;39
110000193;0;0;0;0;0;0;0;4
110000194;0;0;1;0;0;0;0;0
110000195;0;34;-30;0;0;0;0;0
110000198;0;22;2;-2;0;0;0;15
110000199;0;0;0;0;0;0;0;0
110000206;0;0;0;0;0;0;0;0
110000210;0;9;-13;0;0;0;0;11
110000212;0;3;0;0;0;0;0;9
110000213;0;874;-63;-150;0;0;0;0
110000214;0;69;41;0;0;0;0;-3
110000215;0;70,5;28;30;0;0;0;3
110000216;0;179;297;-40;0;0;0;8
110000217;0;1385,5;711,5;638;0;0;0;-207
110000218;0;949;-104;565;0;0;0;156
110000219;0;3;5;0;0;0;0;6
110000220;0;0;0;0;0;0;0;0
110000221;0;-62;32;0;0;0;0;20
110000222;0;-1;0;0;0;0;0;0
110000223;0;4;-90;0;0;0;0;134
110000224;0;0;0;0;0;0;0;0
110000225;0;0;0;0;0;0;0;21
110000226;0;16;-168;0;0;0;0;-2
110000227;0;0;0;0;0;0;0;39
110000228;0;-79;14;0;0;0;0;139
110000229;0;-20;-140;0;0;0;0;128
110000231;0;-7;0;0;0;0;0;0
110000233;0;-1;0;-12;0;0;0;0
110000234;0;0;0;0;0;0;0;0
110000235;0;0;0;0;0;0;0;0
110000237;0;17;80;-1090;0;0;0;0
110000239;0;36,5;-46,5;-194;0;0;0;0
110000240;0;0;0;0;0;0;0;0
110000241;0;-189;-31;0;0;0;0;-37
110000243;0;4;32;0;0;0;0;0
110000246;0;-11;24;0;0;0;0;15
110000247;0;34;-1;0;0;0;0;0
110000249;0;-10;20;0;0;0;0;9
110000253;0;0;-1;0;0;0;0;0
110000254;0;0;0;0;0;0;0;0
110000255;0;-16;0;0;0;0;-120;0
110000256;0;0;0;0;0;0;0;0
110000259;0;2397;-137;-1595;0;0;0;182
110000260;0;109;10;0;0;0;0;7
110000261;0;98;-126;0;0;0;0;3
110000263;0;0;0;0;-1;0;0;0
110000267;0;16;0;0;0;0;0;3
110000268;0;6;26;0;0;0;0;17
110000269;0;0;0;0;0;0;0;0
110000270;0;0;0;0;0;0;0;0
110000271;0;0;0;0;0;0;0;0
110000272;0;0;0;0;0;0;0;0
110000273;0;0;0;0;0;0;0;0
110000274;0;0;0;0;0;0;0;0
110000276;0;0;0;0;0;0;0;0
110000278;0;0;0;0;0;0;0;0
110000280;0;0;0;0;-1;0;0;0
110000282;0;-34;0;0;0;0;0;0
110000283;0;695;-88;0;0;0;0;324
110000284;0;0;0;0;0;0;0;0
110000286;0;-35;0;0;0;0;0;0
110000291;0;16;0;228;0;0;0;117
110000292;0;0;0;0;0;0;0;0
110000293;0;0;0;0;0;0;0;0
110000296;0;-47;-22;0;0;0;0;17
110000297;0;20;1;0;0;0;0;-44
110000299;0;8;0;0;0;0;0;0
110000302;0;9;1097;190;0;0;0;8
110000303;0;293;-201;-60;0;0;0;3
110000304;0;0;0;0;0;0;0;0
110000305;0;0;0;0;0;0;0;0
110000307;0;0;-142;0;0;0;0;-28
110000308;0;16;10;0;0;0;0;50
110000309;0;39;0;0;0;0;0;33
110000310;0;179;0;0;0;0;0;14
110000311;0;-14;36;0;0;0;0;41
110000312;0;0;0;0;0;0;0;0
110000313;0;1;0;0;0;0;0;18
110000317;0;0;-1;0;0;0;0;0
110000319;0;0;0;0;0;0;0;0
110000320;0;3;1;0;0;0;0;1
110000321;0;-27;2;0;0;0;0;0
110000322;0;3;-7;0;0;0;0;12
110000324;0;0;0;0;0;0;0;0
110000326;0;0;0;0;0;0;0;0
110000327;0;406;500;-74;0;0;0;173
110000330;0;2;1;0;0;0;0;-1
110000331;0;19;111;-111;0;0;0;150
110000334;0;34;20;0;0;0;0;0
110000335;0;27;-233;0;0;0;0;1
110000336;0;1075;82;0;0;0;0;7
110000337;0;77;0;0;0;0;0;0
110000338;0;0;0;0;-6;0;0;0
110000339;0;358;-145;0;0;0;0;2
110000340;0;202,5;-141;0;0;0;0;38
110000343;0;0;-8;0;0;0;0;0
110000344;0;-14;0;0;0;0;0;0
110000345;0;31;9;0;0;0;0;4
110000349;0;0;1;0;0;0;0;5
110000351;0;69;60;0;0;0;0;0
110000352;0;87;-29;0;0;0;0;0
110000353;0;0;0;1;0;0;0;0
110000354;0;728;1;0;0;0;0;30
110000355;0;357;-65;-80;0;0;0;6
110000358;0;0;0;0;0;0;0;1
110000359;0;0;0;0;-8;0;0;0
110000360;0;645,5;198,5;0;0;0;0;1
110000362;0;19;600;-919;0;0;0;0
110000363;0;-27;0;-336;0;0;0;0
110000364;0;20;143;0;0;0;0;2
110000366;0;0;0;0;0;0;0;6
110000367;0;0;-5;0;0;0;0;0
110000369;0;8;0;0;0;0;0;33
110000371;0;620;-1617;-600;0;0;0;5,5
110000372;0;205;-60;0;0;0;0;25,5
110000373;0;33;100;0;0;0;0;7
110000374;0;0;-2;0;0;0;0;-1
110000375;0;-1;120;0;0;0;0;0
110000376;0;22;0;0;0;0;0;0
110000382;0;0;0;0;0;0;0;0
110000385;0;14;-1;0;0;0;0;0
110000388;0;597;0;0;0;0;0;-20
110000390;0;18;7;0;0;0;0;26
110000391;0;20;-8;0;0;0;0;0
110000392;0;1;0;0;0;0;0;1,5
110000394;0;0;34;0;0;0;0;-3
110000395;0;0;-41;0;0;0;0;107
110000397;0;242;0;0;0;0;0;26
110000398;0;0;0;0;0;0;0;0
110000400;0;-5;14;0;0;0;0;26
110000401;0;-25;0;0;0;0;0;8
110000402;0;117;0;0;0;0;0;13
110000404;0;816;182;0;0;0;0;173
110000409;0;91;-24;0;0;0;0;13
110000411;0;0;0;0;0;0;0;0
110000413;0;3;-23;0;0;0;0;0
110000414;0;88;-415;0;0;0;0;-30
110000415;0;-3;0;72;0;0;0;0
110000416;0;-34;1;0;0;0;0;0
110000418;0;24,5;0;0;0;0;0;-12
110000419;0;3;0;0;0;0;0;1
110000420;0;163;375;0;0;0;0;3
110000421;0;20;22;11;0;0;0;2
110000422;0;-3;0;-335;-16;0;0;0
110000423;0;0;0;0;-10;0;0;0
110000424;0;0;0;0;-6;0;0;0
110000425;0;0;0;0;0;0;0;0
110000427;0;87;200;0;0;0;0;10
110000428;0;9;-4;0;0;0;0;0
110000429;0;73;0;0;0;0;0;-22
110000431;0;-1;0;0;0;0;0;0
110000434;0;36;-6;0;0;0;0;-11
110000435;0;0;0;0;0;0;0;55
110000436;0;20;-6;0;0;0;0;0
110000437;0;306;-670;0;0;0;0;18
110000438;0;0;0;0;0;0;0;0
110000443;0;0;0;0;0;0;0;0
110000446;0;0;0;0;-6;0;0;0
110000447;0;0;0;0;0;0;0;0
110000450;0;67;-5;0;0;0;0;5
110000451;0;378;0;0;0;0;0;27
110000452;0;0;0;0;0;0;0;314
110000453;0;84;41,5;0;0;0;0;24
110000459;0;14;-4;0;0;0;0;0
110000460;0;27;-74;0;0;0;0;0
110000461;0;0;0;0;0;0;0;0
110000462;0;291;-8;0;0;0;0;20
110000463;0;34;1252;0;0;0;0;0
110000465;0;3;0;0;0;0;0;0
110000466;0;315,6;76,5;1813;0;0;0;-86,25
110000467;0;-202;-850;0;0;0;0;1
110000468;0;-20;0;0;-70;0;0;0
110000474;0;11;201;0;0;0;0;-8
110000475;0;-2;-29;0;0;0;0;-1
110000477;0;1502;582;-30;0;0;0;-119
110000478;0;3820;111;0;0;0;0;250
110000479;0;36;131;0;0;0;0;0
110000481;0;3;2;0;0;0;0;-20
110000482;0;0;-100;0;0;0;0;-100
110000483;0;0;2;-30;-258;0;0;1
110000484;0;0;-15;-90;-405;0;0;20
110000486;0;0;7;0;0;0;0;0
110000487;0;0;2;0;0;0;0;0
110000488;0;0;0;0;4;0;0;-30
110000489;0;0;-16;0;0;0;0;0
110000490;0;0;-3080;-200;0;0;0;116
110000491;0;0;0;-16;2;0;0;-78
110000493;0;0;0;0;0;0;0;0
110000496;0;45;0;0;0;0;0;0
110000500;0;0;146;0;0;0;0;-2
110000504;0;1;32;0;0;0;0;0
110000505;0;33;-46;0;0;0;0;0
110000506;0;39;80;0;0;0;0;0
110000507;0;-13;-24;0;0;0;0;0
110000508;0;0;0;0;0;0;0;0
110000510;0;43;-31;0;0;0;0;0
110000512;0;3;-6;0;0;0;0;1
110000513;0;4;-12;0;0;0;0;2
110000515;0;0;0;0;0;0;0;0
110000516;0;50;-41;0;0;0;0;0
110000518;0;0;0;0;0;0;0;-1
110000519;0;0;0;0;0;0;0;0
110000520;0;0;0;0;0;0;0;0
110000521;0;0;0;0;0;0;0;0
110000522;0;242;340;0;0;0;0;7
110000523;0;31;-127;-8;0;0;0;0
110000524;0;32;264;0;0;0;0;0
110000525;0;125;270;-110;0;0;0;2
110000526;0;0;-1;0;0;0;0;0
110000528;0;0;0;0;0;0;0;0
110000530;0;418;0;0;0;0;0;102
110000531;0;573;355;-140;0;0;0;17
110000532;0;-1,5;0;0;0;0;0;0
110000534;0;923;0;-38;0;0;0;91
110000535;0;618;1424;434;0;0;0;-14
110000536;0;149,5;960,5;28;0;0;0;-362,5
110000537;0;0;0;433;99;0;0;0
110000539;0;-9,5;2;16;0;0;0;14
110000540;0;0;0;0;0;0;0;0
110000542;0;-5;-27;0;0;0;0;0
110000543;0;0;-2;0;0;0;0;0
110000546;0;0;0;0;0;0;0;-1
110000547;0;0;0;0;0;0;0;0
110000548;0;0;0;0;0;0;0;0
110000549;0;0;0;1;0;0;0;0
110000550;0;165;0;0;0;0;0;29
110000551;0;0;3;0;0;0;0;1
110000552;0;18;-10;0;0;0;0;0
110000553;0;-18;-563;0;0;0;0;0
110000554;0;0;0;0;0;0;0;0
110000555;0;0;129;0;-117;0;0;2
110000556;0;0;19;0;-85;0;0;-185
110000558;0;-70;0;0;0;0;0;0
110000559;0;0;-35;0;0;0;0;-23
110000561;0;0;0;0;0;0;0;1
110000564;0;642;-150;0;0;0;0;0
110000565;0;0;0;0;0;0;0;0
110000568;0;0;0;0;0;0;0;0
110000570;0;0;13;0;0;0;0;0
110000573;0;0;14;0;0;0;0;0
110000574;0;-5,5;0;0;0;0;0;0
110000575;0;0;0;0;0;0;0;7
110000577;0;18;30;0;0;0;0;5
110000578;0;56;0;0;0;0;0;1
110000583;0;1143;373;-20;0;0;0;33,5
110000584;0;-691;709;0;0;0;0;-54
110000585;0;10;0;0;0;0;0;26
110000587;0;424;-28;0;0;0;0;105
110000588;0;11;0;0;0;0;0;31
110000590;0;0;-287;350;0;0;0;20
110000591;0;78;-1086;0;0;0;0;-52
110000593;0;34;-43;0;0;0;0;27
110000597;0;0;0;0;0;0;0;0
110000600;0;0;0;-25;0;0;0;-210
110000601;0;145;0;-759;0;0;0;102
110000603;0;20;2,4;0;0;0;0;0,8
110000605;0;0;-32;-3,2;0;0;0;-9,2
110000606;0;0;-4,8;0;0;0;0;4
110000608;0;0;0;0;0;0;0;0
110000609;0;0;10,4;0;0;0;0;-11,8
110000610;0;2;0;0;0;0;0;0,4
110000611;0;0;0;0;0;0;0;0
110000612;0;279;75;0;0;0;0;1
110000613;0;25;-30;0;0;0;0;1
110000614;0;27;17;0;0;0;0;0
110000615;0;12;30;-10;0;0;0;0
110000616;0;-12;-598;-30;0;0;0;0
110000617;0;31;214,5;-85;0;0;0;1
110000618;0;18;0;-30;0;0;0;0
110000619;0;-4;0;0;0;0;0;0
110000620;0;44;-372;0;0;0;0;16
110000621;0;0;1;0;0;0;0;0
110000625;0;50;0;0;0;0;0;0
110000626;0;61;-68;0;0;0;0;-26
110000628;0;18;0;0;0;0;0;0
110000632;0;0;0;0;0;0;0;0
110000633;0;0;0;0;0;0;0;0
110000634;0;21;-17;0;0;0;0;-6
110000636;0;0;0;0;-4;0;0;0
110000637;0;1757;-217;0;0;0;0;47
110000639;0;6;0;0;0;0;0;1
110000640;0;5;3;0;0;0;0;0
110000641;0;17;0;4;0;0;0;0
110000644;0;81;-16;0;0;0;0;15
110000646;0;0;0;0;-29;0;0;0
110000647;0;69;40;0;77;0;0;1
110000649;0;0;0;0;0;0;0;0
110000651;0;-22;0;72;0;0;0;6
110000652;0;0,51;1,5;0;0;0;0;0
110000654;0;0;-1,6;0;0;0;0;1
110000655;0;56;-167;0;0;0;0;-27
110000657;0;19;100;0;0;0;0;7
110000659;0;44;0;0;0;0;0;0
110000663;0;-5;1;-60;0;0;0;3
110000664;0;0;0;0;0;0;0;0
110000665;0;0;0;0;0;0;0;0
110000667;0;68;0;-104;0;0;0;0
110000668;0;0;0;0;0;0;0;0
110000669;0;0;0;0;0;0;0;-39
110000670;0;1;45;-8;0;0;0;0
110000671;0;170;0;-448;0;0;0;0
110000676;0;3;-5;0;0;0;0;0
110000677;0;0;0;0;-2;0;0;0
110000680;0;0;0;0;0;0;0;0
110000681;0;0;0;0;0;0;0;0
110000683;0;129;-632;-530;0;0;0;120
110000684;0;44,5;-35,5;516;0;0;0;82
110000685;0;435;0;0;0;0;0;46
110000686;0;0;6;-30;0;0;0;163
110000688;0;0;0;0;0;0;0;0
110000693;0;0;0;0;0;0;0;35
110000694;0;0;0;0;0;0;0;0
110000696;0;0;33;0;0;0;0;-2
110000697;0;-16;-53;0;0;0;0;-1
110000698;0;5;-26;0;0;0;0;-7
110000699;0;0;0;0;0;0;0;0
110000700;0;610;384;0;0;0;0;10
110000701;0;442;-160;0;0;0;0;2
110000703;0;0;0;0;0;0;0;0
110000708;0;0;0;0;0;0;0;0
110000710;0;175,5;-80;0;0;0;-40;-16
110000713;0;0;0;0;0;0;0;0
110000714;0;0;19;0;0;0;0;-13
110000715;0;0;-20;13;-9;0;0;0
110000717;0;0;0;0;-8;0;0;0
110000718;0;0;0;0;0;0;0;98
110000719;0;0;3;-8;0;0;0;0
110000722;0;0;0;0;0;0;0;0
110000725;0;0;0;0;0;0;0;0
110000726;0;0;0;0;0;0;0;0
110000728;0;0;0;0;0;0;0;0
110000729;0;0;0;0;0;0;0;0
110000730;0;0;0;0;0;0;0;0
110000732;0;0;0;0;0;0;0;0
110000734;0;0;0;0;0;0;0;0
110000735;0;0;0;0;0;0;0;0
110000736;0;0;0;0;0;0;0;0
110000737;0;5;8;0;0;0;0;0
110000738;0;2;0;0;0;0;0;0
110000739;0;0;0;0;0;0;0;0
110000740;0;29;13;14;0;0;0;0
110000742;0;0;0;0;0;0;0;0
110000743;0;-28;0;370;0;0;-150;0
110000745;0;0;1;0;0;0;0;0
110000746;0;0;1;0;0;0;0;0
110000748;0;0;0;0;0;0;0;0
110000749;0;0;0;0;0;0;0;0
110000751;0;0;0;0;0;0;0;0
110000754;0;142;-161;0;0;0;0;0
110000756;0;0;0;0;0;0;0;0
110000757;0;0;0;0;0;0;0;0
110000758;0;880;85;0;0;0;0;102
110000759;0;278;155;0;0;0;0;6
110000760;0;0;0;0;0;0;0;0
110000764;0;5;0;0;0;0;0;0
110000770;0;0;0;-1;0;0;0;-6
110000771;0;0;0;0;0;0;0;0
110000772;0;0;0;0;0;0;0;-4
110000773;0;0;0;0;0;0;0;0
110000774;0;0;0;0;0;0;0;0
110000775;0;0;2;0;0;0;0;0
110000776;0;6;162;57;0;0;0;-22
110000777;0;0;0;0;0;0;0;0
110000799;0;0;0;0;0;0;0;0
110000801;0;0;0;0;0;0;0;0
110000805;0;0;0;0;0;0;0;0
110000811;0;0;0;0;0;0;0;0
110000813;0;0;0;0;0;0;0;-3
110000817;0;0;0;0;0;0;0;0
110000818;0;0;0;0;0;0;0;0
110000820;0;0;0;0;0;0;0;0
110000821;0;0;0;0;0;0;0;0
110000823;0;17;0;83;0;0;0;-19
110000829;0;0;0;0;0;0;0;-8
110000830;0;0;0;0;0;0;0;-8
110000832;0;0;0;0;0;0;0;0
110000833;0;0;0;0;0;0;0;0
110000835;0;-21;-10;0;0;0;0;-5
110000837;0;0;0;0;0;0;0;0
110000838;0;0;0;0;0;0;0;0
110000844;0;0;144;0;0;0;0;0
110000848;0;0;0;0;0;0;0;0
110000849;0;0;0;0;0;0;0;0
110000850;0;0;0;0;0;0;0;0
110000852;0;-1;0;0;0;0;0;0
110000855;0;0;0;0;0;0;0;0
110000856;0;0;0;0;0;0;0;0
110000866;0;0;0;0;0;0;0;0
110000873;0;0;0;0;0;0;0;0
110000880;0;0;0;0;0;0;0;0
110000881;0;0;0;0;0;0;0;0
110000884;0;22;0;9;0;0;0;18
110000886;0;0;0;0;0;0;0;0
110000887;0;0;0;0;0;0;0;0
110000891;0;0;0;0;0;0;0;0
110000900;0;0;0;0;0;0;0;0
110000903;0;0;0;0;0;0;0;0
110000904;0;0;0;0;0;0;0;0
110000906;0;30;0;0;0;0;0;15
110000908;0;0;0;4;0;0;0;3
110000909;0;0;1;0;0;0;0;0
110000911;0;13;-740;2;0;0;407;-10
110000912;0;0;184;-323;0;0;0;79
110000913;0;0;0;0;0;0;0;25
110000914;0;131;13;0;0;0;0;14
110000915;0;1;0;0;0;0;0;1
110000916;0;8;12;23;0;0;0;11
110000918;0;20;157;2;0;0;0;15
110000920;0;0;20;50;0;0;0;0
110000926;0;0;-12;0;0;0;0;24
110000928;0;0;0;0;0;0;0;0
110000929;0;0;-3;0;0;0;0;0
110000930;0;0;-10;0;0;0;0;6
110000931;0;5;10;59;0;0;0;-3
110000935;0;9;-38;-13;-2;0;0;25
110000946;0;0;0;-91;0;0;0;0
110000949;0;0;0;-100;0;0;0;0
110000950;0;0;19;0;0;0;0;-14
110000952;0;0;4;0;0;0;0;-3
110000953;0;-2;0;0;0;0;0;0
110000954;0;0;-55;0;0;0;0;0
110000956;0;87;10;0;0;0;0;-4,5
110000957;0;20;13;0;0;0;0;2
110000958;0;-1;9;0;0;0;0;1
110000963;0;0;0;0;0;0;0;0
110000965;0;353;1;-68;0;0;0;-981
110000966;0;4;0;0;0;0;0;8
110000967;0;118;0;8;0;0;0;34
110000968;0;30;0;37;160;0;0;0
110000970;0;649;-199;0;0;0;0;0
110000971;0;0;0;0;0;0;0;0
110000972;0;0;0;10;0;0;0;44
110000973;0;11;10;15;0;0;0;-120
110000974;0;182;56;0;0;0;0;-2
110000975;0;118;-235;0;0;0;0;36
110000976;0;37;-9;0;0;0;0;26
110000977;0;-2;0;0;0;0;0;1
110000978;0;-4;1;0;0;0;0;0
110000979;0;58;-28;0;0;0;0;4
110000980;0;114,5;7;-7;0;0;-42;1
110000981;0;43;-20;0;0;0;0;2
110000982;0;48;-8;0;0;0;0;9
110000983;0;0;0;0;25;0;0;0
110000984;0;-70;20;-578;0;0;0;97
110000985;0;0;0;0;0;0;0;0
110000986;0;7;5;0;0;0;0;4
110000991;0;649;-256;-30;0;0;0;3
110000992;0;135;171;0;0;0;0;0
110000993;0;3;1;0;0;0;0;-3
110000995;0;0;0;0;0;0;0;0
110000996;0;0;0;0;0;0;0;0
110000997;0;2;5;4;0;0;0;1
110000998;0;8;2,5;0;0;0;0;16
110001001;0;90;207;-70;-62;0;0;0
110001012;0;19;-41;0;0;0;0;11
110001013;0;0;0;0;0;0;0;0
110001014;0;0;0;0;0;0;0;0
110001016;0;0;-12;0;0;0;0;-12
110001019;0;0;0;0;0;0;0;0
110001021;0;0;0;0;0;0;0;0
110001023;0;0;0;0;0;0;0;0
110001024;0;0;0;0;0;0;0;0
110001026;0;596;2610;0;0;0;0;6
110001027;0;0;0;0;0;0;0;0
110001032;0;1;5;0;0;0;0;0
110001042;0;0;-35;0;0;0;0;2
110001045;0;0;10;0;0;0;0;0
110001046;0;0;0;0;0;0;0;0
110001048;0;0;0;0;0;0;0;0
110001059;0;0;0;0;0;0;0;0
110001063;0;0;0;0;0;0;0;0
110001064;0;0;0;0;0;0;0;0
110001070;0;0;0;0;0;0;0;0
110001072;0;0;0;0;0;0;0;0
110001076;0;11;-3;0;0;0;0;13
110001078;0;3;0;0;0;0;0;0
110001079;0;0;3;0;0;0;0;0
110001083;0;0;1;0;0;0;0;1
110001085;0;-6;0;0;0;0;0;0
110001086;0;0;0;0;0;0;0;0
110001087;0;0;0;0;0;0;0;0
110001093;0;0;0;0;0;0;0;0
110001096;0;-36;0;0;0;0;0;0
110001100;0;3;-35;0;0;0;0;-21
110001102;0;0;2;0;0;0;0;-5
110001109;0;0;0;0;0;0;0;0
110001118;0;0;0;0;0;0;0;0
110001122;0;0;0;0;0;0;0;1
110001125;0;0;0;0;0;0;0;0
110001126;0;0;0;0;0;0;0;0
110001128;0;0;0;0;0;0;0;0
110001133;0;0;0;0;0;0;0;0
110001134;0;0;0;0;0;0;0;0
110001135;0;0;0;0;0;0;0;0
110001138;0;0;16;0;0;0;0;10
110001147;0;488;17;0;6;0;0;0
110001152;0;0;0;0;0;0;0;0
110001154;0;369;-7;-80;0;0;0;0
110001155;0;3703,755;1291;0;0;0;0;38,5
110001156;0;1947;-889;-20;0;0;0;118
110001171;0;0;0;0;0;0;0;0
110001175;0;5;4;0;0;0;0;2
110001178;0;0;10;0;0;0;0;0
110001180;0;0;0;0;-17;0;0;0
110001185;0;0;2;0;0;0;0;0
110001186;0;20;6;0;-4;0;0;7
110001187;0;101;-92;0;0;0;0;54
110001188;0;0;0;0;0;0;0;0
110001189;0;-30;0;0;0;0;0;3
110001192;0;123;8;0;0;0;0;71
110001193;0;0;0;0;0;0;0;0
110001194;0;1;1;0;0;0;0;0
110001195;0;-9;-20;0;0;0;0;2
110001201;0;2;-275;0;0;0;0;-111
110001205;0;-3;-5;0;0;0;0;1
110001206;0;623;0;-125;0;0;0;182
110001207;0;0;0;0;0;0;0;0
110001208;0;-1;37;0;0;0;0;-4
110001209;0;5;-1;0;0;0;0;6
110001210;0;2;39;0;0;0;0;15
110001211;0;8;0;0;0;0;0;-6
110001214;0;0;2;0;0;0;0;0
110001215;0;0;-1;0;0;0;0;26
110001216;0;0;8;0;6;0;0;20
110001217;0;0;45;0;0;0;0;0
110001218;0;0;3;0;-37;0;0;0
110001220;0;0;0;0;0;0;0;0
110001221;0;1;7;0;0;0;0;3
110001222;0;-4;9;0;0;0;0;-11
110001224;0;0;0;0;0;0;0;0
110001225;0;0;0;0;0;0;0;0
110001226;0;0;-3;-1;10;0;0;0
110001228;0;208;-1168;0;0;0;0;0
110001231;0;67;-53;0;0;0;0;-27
110001233;0;0;0;0;49;0;0;0
110001235;0;0;2;0;0;0;0;-1
110001236;0;0;0;0;0;0;0;-1
110001237;0;0;-45;0;0;0;0;0
110001238;0;0;22;0;-52;0;0;0
110001239;0;0;0;0;-51;0;0;0
110001242;0;13;0;-40;0;0;0;27
110001243;0;14;0;20;0;0;0;-1
110001244;0;0;0;0;0;0;0;0
110001245;0;0;0;0;0;0;0;0
110001249;0;0;20;0;0;0;0;1
110001250;0;0;-3;0;0;0;0;0
110001253;0;215;-36;0;0;0;0;-4
110001254;0;231;0;0;0;0;0;-16
110001255;0;26;6;0;0;0;0;3
110001256;0;0;-12;0;0;0;0;0
110001257;0;0;0;0;0;0;0;0
110001260;0;-17;-30;5;0;0;0;0
110001262;0;0;-55;0;0;0;0;-10
110001263;0;0;-16;0;0;0;0;0
110001267;0;18,5;7,5;0;0;0;0;-9
110001274;0;353;33;0;0;0;0;2
110001275;0;39;-305;150;0;0;0;126
110001277;0;-8;-6;0;0;0;0;2
110001278;0;-12;-7;0;0;0;0;-2
110001280;0;39;0;300;0;0;0;59
110001281;0;23;51;0;0;0;0;8
110001283;0;889,5;-448;0;0;0;0;40
110001285;0;0;-1;0;0;0;0;0
110001293;0;32;0;0;0;0;0;-2
110001295;0;12;6;0;0;0;0;-10
110001296;0;0;0;0;0;0;0;0
110001298;0;0;0;0;0;0;0;0
110001299;0;-357;-1823;0;0;0;0;132
110001301;0;-2447,5;-1636;0;0;0;0;1353
110001302;0;0;-2;0;0;0;0;1
110001303;0;0;0;0;-4;0;0;0
110001305;0;0;0;0;3;0;0;0
110001306;0;0;0;0;6;0;0;0
110001307;0;6;0;0;0;0;0;-5
110001308;0;0;-56;0;0;0;0;70
110001310;0;0;2;0;0;0;0;0
110001317;0;0;0;0;0;0;0;0
110001318;0;0;3;0;0;0;0;0
110001320;0;0;0;0;0;0;0;0
110001323;0;98,5;-100;0;0;0;0;4
110001325;0;0;0;0;0;0;0;14
110001326;0;-31;20;0;0;0;0;0
110001327;0;0;6;0;0;0;0;0
110001328;0;-2;7;0;0;0;0;-1
110001335;0;0;-1;0;0;0;0;0
110001337;0;0;-146;0;0;0;0;-2
110001340;0;0;0;0;0;0;0;0
110001349;0;113;-330;2;0;0;90;0
110001350;0;0;0;0;0;0;0;0
110001352;0;0;23;0;0;0;0;0
110001354;0;0;0;0;0;0;0;0
110001355;0;25;-32;0;0;0;0;0
110001356;0;-145;-310;0;0;0;0;-8
110001359;0;0;0;0;0;0;0;0
110001361;0;0;0;-90;0;0;0;0
110001362;0;0;0;0;0;0;0;0
110001370;0;0;0;1;0;0;0;0
110001376;0;0;0;2;0;0;0;0
110001381;0;0;0;0;0;0;0;0
110001382;0;0;0;0;0;0;0;0
110001387;0;0;0;0;0;0;0;0
110001388;0;0;0;0;0;0;0;0
110001390;0;455;0;0;0;0;0;22
110001391;0;547;-231;-20;0;0;0;-23
110001395;0;31;10;0;0;0;0;175
110001396;0;0;0;0;0;0;0;652
110001397;0;-90;10;0;0;0;0;-4
110001400;0;-1;18;0;0;0;0;-3
110001401;0;49;-112;0;0;0;0;8
110001402;0;189;-104;0;0;0;0;5
110001403;0;41;-135;0;0;0;0;-8
110001406;0;0;-11;0;-10;0;0;0
110001408;0;147,75;258,25;0;0;0;0;0
110001409;0;755;259,5;0;0;0;0;-3,5
110001410;0;10;-58;0;0;0;0;0
110001411;0;73;10;0;0;0;0;0
110001412;0;39;-6;0;0;0;0;0
110001413;0;14;0;0;0;0;0;1
110001414;0;9;0;0;0;0;0;0
110001415;0;1;0;0;0;0;0;0
110001417;0;916,5;-140;0;0;0;0;97
110001419;0;0;109;0;0;0;0;114
110001421;0;0;2;0;0;0;0;-1
110001422;0;0;0;0;0;0;0;22
110001426;0;0;-8;0;0;0;0;0
110001427;0;-5;269;-13;0;0;0;-23
110001429;0;0;-100;0;0;0;0;-10
110001432;0;0;7;0;0;0;0;-54
110001435;0;-1;11;0;0;0;0;0
110001436;0;255;-20;-140;0;0;0;12
110001437;0;295,5;-407;12;0;0;0;-18
110001438;0;18,5;-2;0;0;0;0;0
110001439;0;0;0;3;-22;0;0;0
110001440;0;798;-45;-5;0;0;0;-3
110001441;0;0;-2;0;0;0;0;0
110001442;0;-9;101;0;0;0;0;-8,5
110001443;0;0;-1;0;0;0;0;0
110001444;0;1623,5;1560;-70;0;0;0;22,5
110001445;0;826,5;-676;-60;0;0;0;-11,5
110001447;0;19;2;-10;0;0;-90;0
110001448;0;0;0;0;0;0;0;0
110001449;0;0;4;-9;0;0;1;0
110001450;0;10;-48;27;0;0;0;0
110001451;0;6;-3;0;0;0;0;0
110001452;0;11;-423;0;0;0;0;0
110001453;0;38;0;155;0;0;0;-115
110001455;0;1088;19;0;0;0;0;43,5
110001456;0;533;38;0;0;0;0;-2
110001457;0;191;5;-14;0;0;0;-2
110001458;0;132;0;-14;0;0;0;-12
110001460;0;0;-8;0;0;0;0;0
110001462;0;2;0;0;0;0;0;8
110001463;0;0;0;1;0;0;0;0
110001464;0;441;2,5;0;0;0;0;17
110001465;0;0;-7;0;0;0;0;0
110001467;0;1;-3;0;0;0;0;22
110001468;0;23;20;0;0;0;0;-8
110001469;0;0;0;0;0;0;0;0
110001472;0;0;-4;0;0;0;0;0
110001475;0;0;-7;0;0;0;0;0
110001477;0;22;0;142;0;0;0;0
110001478;0;0;-20;23;30;0;0;0
110001479;0;0;-98;0;0;0;0;0
110001481;0;38;0;0;276;0;0;0
110001482;0;6;-7;0;0;0;0;-3
110001483;0;322;-74;0;0;0;0;20
110001486;0;284;243;0;0;0;0;29
110001487;0;78;-135;0;0;0;0;-22
110001488;0;-3;5;0;0;0;0;28
110001489;0;0;5;0;0;0;0;-4
110001491;0;0;0;0;0;0;0;11
110001493;0;0;0;0;0;0;0;0
110001495;0;25;-347;0;0;0;0;0
110001496;0;-244;-623;0;0;0;0;0
110001497;0;31;24;-110;0;0;0;-20
110001498;0;32;-3;-12;0;0;0;30
110001499;0;3;22;0;0;0;0;-2
110001501;0;12;13;1;5;0;0;5
110001502;0;0;6;-15;167;0;0;39
110001503;0;0;0;150;0;0;0;0
110001504;0;0;935;0;0;0;0;811
110001505;0;1256;251;0;0;0;0;-16
110001508;0;2;-2;0;0;0;0;-1
110001509;0;-54,5;0;0;0;0;0;0
110001510;0;0;0;0;-17;0;0;0
110001513;0;74;0;70;10;0;0;0
110001514;0;0;-10;0;-3;0;0;0
110001515;0;0;33;0;0;0;0;0
110001516;0;3;0;0;0;0;0;-3
110001517;0;57;0;0;0;0;0;6
110001518;0;0;0;0;0;0;0;0
110001519;0;929;-159;0;0;0;0;79,5
110001520;0;0;0;0;0;0;0;1
110001521;0;0;0;0;0;0;0;0
110001522;0;1;0;0;0;0;0;0
110001523;0;243;-40;0;0;0;0;11
110001524;0;21;-67;0;0;0;0;-81
110001525;0;41;25;0;0;0;0;1,5
110001526;0;0;-3;0;0;0;0;-398
110001527;0;0;0;200;0;0;0;0
110001528;0;0;0;0;-1;0;0;0
110001530;0;373;0;1616;0;0;0;-152
110001531;0;29,5;0;0;0;0;0;0
110001538;0;0;0;0;0;0;0;0
110001539;0;0;1;0;0;0;0;0
110001540;0;1;8;0;0;0;0;0
110001542;0;0;11;0;0;0;0;52
110001543;0;17;40;0;0;0;0;74
110001544;0;128;-37;0;0;0;0;-5
110001545;0;43;-12;0;0;0;0;-2
110001547;0;-29,5;-57;0;0;0;0;0
110001551;0;0;40;0;0;0;0;-4
110001552;0;0;0;0;-1;0;0;0
110001553;0;1529;0;5827;0;0;0;176
110001558;0;5;-54;-2;0;0;0;2
110001560;0;534;-360;0;0;0;0;-4
110001562;0;153;0;0;0;0;0;0
110001564;0;2;-2;0;0;0;0;-1
110001565;0;1;0;0;0;0;0;0
110001569;0;23;9;0;0;0;0;48
110001571;0;0;0;0;0;0;0;0
110001572;0;107;0;14;0;0;0;22
110001573;0;0;0;0;0;0;0;0
110001576;0;0;0;0;0;0;0;0
110001577;0;32;-60;0;0;0;0;0
110001578;0;16;-34;0;0;0;0;5
110001580;0;0;0;0;0;0;0;0
110001581;0;76;-199;0;0;0;0;-17
110001582;0;28;113;0;0;0;0;-6
110001583;0;148;120;0;0;0;0;0
110001584;0;385;107;0;0;0;0;17
110001585;0;0;0;0;0;0;0;0
110001586;0;-6;12;0;0;0;0;-3
110001587;0;27;28;0;0;0;0;0
110001589;0;-25;0;0;0;0;0;0
110001593;0;106;-70;0;0;0;0;5
110001594;0;135;-15;0;0;0;0;3
110001596;0;0;0;0;0;0;0;4
110001597;0;-61;-38;0;0;0;0;0
110001599;0;-113;0;90;0;0;0;14
110001603;0;0;0;0;0;0;0;0
110001606;0;0;0;0;0;0;0;0
110001607;0;724;0;395;1161;0;0;2
110001608;0;802;0;0;85;0;0;48
110001609;0;1679,5;-2299;0;0;0;0;0
110001610;0;172,5;336;0;0;0;0;27
110001611;0;0;0;0;0;0;0;-3
110001612;0;488;209;0;0;0;0;58
110001615;0;0;0;0;0;0;0;0
110001617;0;0;0;0;0;0;0;0
110001618;0;8;0;0;0;0;0;0
110001624;0;0;0;0;-10;0;0;-2
110001625;0;29;49;180;0;0;0;60
110001628;0;0;-3;0;0;0;0;6
110001630;0;11528;-2167;-190;0;0;0;3282
110001631;0;0;-27;0;0;0;0;92
110001632;0;0;-1;0;0;0;0;47
110001633;0;0;-10;0;0;0;0;6
110001634;0;76;-30;0;0;0;0;6
110001635;0;-7;11;0;0;0;0;-2
110001637;0;0;-23;0;0;0;0;-5
110001639;0;0;-19;0;0;0;0;0
110001640;0;-2;0;0;0;0;0;-1
110001641;0;0;0;0;0;0;0;0
110001643;0;0;0;0;0;0;0;0
110001645;0;129;-80;0;0;0;0;0
110001646;0;0;0;0;0;0;0;0
110001649;0;18;5;0;0;0;0;-1
110001652;0;0;0;0;0;0;0;0
110001653;0;0;1;0;0;0;0;0
110001659;0;107;-27;0;0;0;0;-5
110001660;0;64;9;0;0;0;0;-32
110001661;0;0;10;0;0;0;0;6
110001662;0;122;605;-720;0;0;200;3
110001664;0;40;2;0;0;0;-30;-12
110001669;0;0;135;0;0;0;0;1
110001670;0;0;1;0;0;0;0;-116
110001673;0;42;32;0;0;0;0;2
110001677;0;-1229;-5713,5;2025;0;0;0;729
110001678;0;100;-3;0;0;0;0;5
110001680;0;1727;460;86;0;0;0;252
110001682;0;5;0;0;0;0;0;-2
110001683;0;-2;-4;0;0;0;0;8
110001684;0;-16;0;0;0;0;0;0
110001685;0;42,5;-0,5;0;0;0;0;0
110001688;0;0;0;0;0;0;0;0
110001690;0;0;0;0;0;0;0;0
110001694;0;31;40;0;0;0;0;0
110001695;0;-105;0;0;-44;0;0;0
110001696;0;0;160;0;0;0;0;68
110001698;0;23;-3;0;0;0;0;0
110001699;0;66;850;53;0;0;0;50
110001700;0;-132;-695;300;0;0;0;-62
110001701;0;7;10;0;0;0;0;-2
110001702;0;0;0;0;0;0;0;0
110001705;0;-271;276;-1480;0;0;0;9
110001706;0;0;0;0;0;0;0;1
110001707;0;0;0;0;64;0;0;0
110001708;0;38;-42;0;0;0;0;104
110001711;0;0;-0,25;0;0;0;0;0
110001712;0;0;-1;0;0;0;0;0
110001715;0;0;20;0;0;0;0;0
110001716;0;-1;10;0;0;0;0;0
110001717;0;-2;-5;0;0;0;0;0
110001718;0;0;0;0;0;0;0;0
110001719;0;0;5;0;0;0;0;0
110001720;0;0;23;0;0;0;0;0
110001724;0;0;0;0;0;0;0;0
110001728;0;0;-6;0;0;0;0;-1
110001729;0;0;2;0;0;0;0;-29
110001738;0;0;0;0;0;0;0;0
110001739;0;857,5;560;-22;0;0;0;-36
110001740;0;0;0;0;0;0;0;0
110001741;0;0;0;0;0;0;0;0
110001743;0;10;-30;0;0;0;0;0
110001745;0;2;20;-26;0;0;0;0
110001746;0;0;5;0;0;0;0;0
110001747;0;114;-385;300;0;0;0;-24
110001748;0;7;-5;0;0;0;0;0
110001749;0;2;-3;-3;0;0;0;0
110001750;0;0;-1;0;0;0;0;16
110001751;0;0;0;0;0;0;0;0
110001752;0;-15;-192;-214;0;0;0;22
110001753;0;1163;-3851;761;0;0;0;63
110001761;0;75;0;24;0;0;0;0
110001762;0;249;0;0;0;0;0;0
110001763;0;0;0;0;-3;0;0;0
110001764;0;0;0;0;0;0;0;0
110001765;0;0;49;8;0;0;0;0
110001766;0;121;4470;-1993;0;0;-360;-30
110001767;0;-2;-3;0;0;0;0;2
110001770;0;-50;10;0;0;0;0;0
110001771;0;0;23;0;0;0;0;0
110001772;0;1;-8;0;0;0;0;0
110001773;0;0;0;0;0;0;0;0
110001775;0;0;1;0;0;0;0;0
110001776;0;19;47;0;0;0;0;-6
110001777;0;0;0;0;0;0;0;0
110001778;0;0;47;0;0;0;0;4
110001780;0;0;0;0;0;0;0;0
110001781;0;0;1;0;0;0;0;0
110001782;0;0;0;0;0;0;0;10
110001784;0;0;0;0;0;0;0;0
110001785;0;0;0;0;0;0;0;0
110001789;0;0;0;-5;0;0;0;0
110001793;0;0;0;0;0;0;0;0
110001794;0;0;0;0;0;0;0;0
110001797;0;9;0;0;0;0;0;46
110001800;0;-120;10;20;0;0;0;0
110001803;0;32;0;0;0;0;0;11
110001805;0;0;722;-21;0;0;0;99
110001807;0;13,5;0;0;0;0;0;0
110001808;0;0;-2;0;0;0;0;18
110001810;0;0;-5;0;0;0;0;0
110001811;0;60;-21;-10;0;0;0;4
110001812;0;62;60;-40;0;0;0;0
110001813;0;0;128;0;0;0;0;-48
110001814;0;0;-31;0;0;0;0;-10
110001817;0;0;-4;0;0;0;0;6
110001818;0;1345;45,5;0;0;0;0;80,5
110001819;0;0;0;0;0;0;0;0
110001822;0;1;0;-28;0;0;0;0
110001825;0;0;0;0;0;0;0;0
110001826;0;0;0;0;0;0;0;0
110001829;0;0;0;-13;0;0;0;0
110001830;0;-13;0;0;0;0;0;0
110001831;0;0;-154;0;0;0;0;200
110001834;0;0;71;-27;0;0;0;0
110001836;0;0;0;0;0;0;0;0
110001840;0;0;0;0;0;0;0;0
110001841;0;31;-20;-20;0;0;0;2
110001842;0;0;0;-28;0;0;0;-72
110001843;0;72;0;570;0;0;0;171
110001846;0;-89;0;-1031;0;0;0;369
110001847;0;50;47;0;0;0;0;7
110001852;0;0;0;0;0;0;0;0
110001854;0;0;0;0;0;0;0;0
110001856;0;-126,5;0;-197;0;0;0;18
110001859;0;0;-2;0;0;0;0;0
110001861;0;60;69,5;0;0;0;0;-9
110001862;0;867;100;160;0;0;0;35
110001863;0;19;237;0;0;0;0;2
110001864;0;363;0;0;0;0;0;-7
110001865;0;10;0;0;0;0;0;-20
110001866;0;-12;-6;0;0;0;0;0
110001867;0;-3;0;0;0;0;0;1
110001868;0;5;1;0;0;0;0;0
110001869;0;110;-60;0;0;0;0;0
110001871;0;0;5;0;0;0;0;16
110001876;0;67;0;-20;0;0;0;0
110001877;0;-48;0;-20;0;0;0;0
110001879;0;25;0;0;0;0;0;56
110001880;0;0;0;0;0;0;0;0
110001881;0;0;-31;0;0;0;0;0
110001882;0;0;3;0;0;0;0;1
110001883;0;920;445;0;0;0;0;74
110001884;0;1555;0;0;0;0;0;578
110001886;0;4;-4;0;0;0;0;2
110001888;0;1443,81;563,05;0;0;0;0;16,2
110001890;0;0;0;0;21;0;0;0
110001891;0;30,5;0;0;0;0;0;28
110001892;0;37;-240;0;0;0;0;-1
110001895;0;0;9;0;0;0;0;0
110001896;0;34;0;0;0;0;0;0
110001898;0;0;0;0;0;0;0;1
110001899;0;0;0;0;0;0;0;2
110001900;0;0;0;0;0;0;0;0
110001901;0;6;4;0;0;0;0;1
110001904;0;529,5;0;1882;0;0;0;25
110001905;0;0;4;0;0;0;0;0
110001906;0;0;6;0;0;0;0;2
110001907;0;0;0;0;0;0;0;0
110001908;0;3;0;-2;0;0;0;0
110001909;0;0;0;4;0;0;0;0
110001910;0;0;0;0;0;0;0;0
110001913;0;0;-1;0;0;0;0;0
110001915;0;41;170;0;0;0;0;6
110001916;0;0;0;0;-2;0;0;0
110001917;0;11;-80;0;0;0;0;-2
110001918;0;-1;-5;-1;0;0;0;7
110001919;0;0;-6;0;0;0;0;-5
110001920;0;0;0;0;0;0;0;0
110001921;0;0;0;0;0;0;0;0
110001923;0;0;3;0;0;0;0;-1
110001924;0;0;1;0;0;0;0;3
110001926;0;51;28;0;0;0;0;36
110001927;0;41;-39;0;0;0;0;0
110001928;0;107;-33;0;0;0;0;23
110001929;0;5;7;0;0;0;0;1
110001930;0;14;-87;0;0;0;0;6
110001931;0;30;20;0;0;0;0;-36
110001932;0;0;0;0;0;0;0;139
110001933;0;0;0;0;0;0;0;44
110001934;0;28;-13;0;0;0;0;0
110001937;0;0;-13;0;0;0;0;-4
110001940;0;3;0;0;0;0;0;0
110001941;0;25;0;0;0;0;0;0
110001942;0;-39;0;0;0;0;0;-2
110001943;0;-8;-2;0;0;0;0;58
110001944;0;0;0;0;-6;0;0;0
110001946;0;0;0;0;-6;0;0;0
110001949;0;0;0;0;-1;0;0;0
110001950;0;0;1;0;0;0;0;-52
110001952;0;0;-1;0;0;0;0;0
110001953;0;0;0;0;0;0;0;0
110001954;0;0;0;0;0;0;0;6
110001956;0;0;9;0;0;0;0;7
110001957;0;11;7;0;0;0;0;0
110001958;0;-18;0;0;0;0;0;0
110001959;0;0;0;0;0;0;0;0
110001962;0;-7;303;-40;0;0;40;0
110001963;0;0;0;0;0;0;0;0
110001964;0;0;0;0;0;0;0;0
110001965;0;116;-2;0;0;0;0;5
110001966;0;-13;0;14;0;0;0;0
110001968;0;0;-94;0;0;0;0;0
110001969;0;-69;-287;0;0;0;0;-107
110001970;0;30;0;0;0;0;0;0
110001971;0;25;-59;0;0;0;0;0
110001973;0;0;0;0;0;0;0;0
110001975;0;2287;105;0;0;0;0;19
110001976;0;130;1;0;0;0;0;-2
110001977;0;11;-99;0;0;0;0;0
110001980;0;0;0;0;0;0;0;-6
110001982;0;42;-6;0;0;0;0;-23
110001984;0;109;-58;0;0;0;0;0
110001985;0;0;0;0;0;0;0;0
110001986;0;0;0;0;0;0;0;0
110001987;0;0;0;0;0;0;0;0
110001989;0;141;300;0;0;0;0;-1
110001990;0;240;-13;0;0;0;0;0
110001991;0;73;0;540;0;0;0;89
110001993;0;0;0;0;0;0;0;0
110001994;0;39;0;279;0;0;0;0
110001997;0;291;0;0;0;0;0;70
110002002;0;0;0;0;0;0;0;0
110002003;0;-31;0;0;0;0;0;0
110002004;0;0;0;0;0;0;0;0
110002006;0;0;2;0;0;0;0;0
110002009;0;23;-239;0;0;0;0;-9
110002010;0;-19;0;28;0;0;0;0
110002012;0;1956;242;-1340;0;0;0;50
110002013;0;1;0;0;0;0;0;0
110002015;0;0;-4;100;0;0;-10;0
110002021;0;0;0;0;0;0;0;-1
110002022;0;0;0;0;0;0;0;2
110002023;0;0;0;0;0;0;0;0
110002024;0;-17;0;56;0;0;0;0
110002027;0;33;3;0;0;0;0;13
110002028;0;0;0;0;0;0;0;-1
110002029;0;0;0;0;0;0;0;-4
110002030;0;0;0;0;0;0;0;0
110002031;0;0;0;-400;0;0;0;0
110002033;0;0;0;0;0;0;0;0
110002034;0;388;-380;-134;0;0;0;6
110002035;0;105;23;717;0;0;0;238
110002036;0;0;0;0;0;0;0;0
110002038;0;215;0;-2;0;0;0;-8
110002039;0;0;0;0;0;0;0;0
110002042;0;0;0;8;254;0;0;0
110002046;0;0;0;0;0;0;0;0
110002050;0;-86,5;37;79;0;0;0;-2
110002051;0;0;-1;0;0;0;0;0
110002054;0;18;10;0;0;0;0;0
110002058;0;145;-31;0;0;0;0;2
110002059;0;26,5;7;0;0;0;0;16
110002061;0;0;0;0;0;0;0;0
110002071;0;2;0;0;0;0;0;0
110002073;0;140;-90;0;0;0;0;11
110002075;0;0;-48;0;0;0;0;10
110002076;0;0;0;0;0;0;0;-29
110002079;0;17;28;0;0;0;0;1
110002080;0;3;2;0;0;0;0;0
110002081;0;0;2;0;0;0;0;-1
110002082;0;0;0;0;0;0;0;0
110002083;0;0;0;0;0;0;0;0
110002084;0;0;0;0;0;0;0;1
110002085;0;0;0;88;0;0;0;0
110002086;0;0;4;0;0;0;0;-6
110002087;0;0;0;0;0;0;0;8
110002088;0;0;8;0;0;0;0;-72
110002089;0;0;-50;0;0;0;0;24
110002091;0;-9;0;35;9;0;0;-8
110002092;0;0;5;0;0;0;0;0
110002093;0;0;0;0;0;0;0;0
110002094;0;0;0;0;0;0;0;0
110002095;0;-119;1440;-1872;0;0;0;7
110002103;0;0;0;0;0;0;0;0
110002105;0;51;-22;0;0;0;0;0
110002106;0;5;21;0;0;0;0;0
110002107;0;3;10;0;0;0;0;6
110002109;0;0;0;0;0;0;0;0
110002110;0;0;0;0;0;0;0;0
110002111;0;0;0;6;0;0;0;0
110002113;0;0;0;0;0;0;0;0
110002114;0;27;18;0;0;0;0;0
110002115;0;0;6;0;0;0;0;0
110002116;0;0;0;0;0;0;0;0
110002119;0;0;0;0;0;0;0;0
110002122;0;0;0;0;0;0;0;0
110002127;0;0;0;0;-19;0;0;0
110002128;0;0;0;0;0;0;0;0
110002129;0;0;0;0;0;0;0;0
110002131;0;0;0;0;0;0;0;0
110002133;0;0;0;9;3;0;0;0
110002134;0;0;0;134;0;0;0;0
110002135;0;0;0;0;0;0;0;0
110002136;0;0;0;0;0;0;0;0
110002139;0;0;0;0;0;0;0;0
110002145;0;0;0;0;0;0;0;0
110002148;0;0;-40;0;0;0;0;-7
110002149;0;0;0;0;0;0;0;0
110002151;0;0;0;0;0;0;0;0
110002154;0;0;0;0;1;0;0;0
110002156;0;0;28;0;0;0;0;0
110002157;0;17;0;0;0;0;0;10
110002159;0;0;-10;5;0;0;0;16
110002160;0;-4;-6;0;0;0;0;0
110002163;0;0;0;0;-2;0;0;0
110002168;0;3;-3;0;0;0;0;0
110002169;0;0;0;0;0;0;0;0
110002170;0;3;2;0;0;0;0;0
110002171;0;15;-35;-5;0;0;0;7
110002174;0;38;-23;0;0;0;0;0
110002175;0;-5;0;0;0;0;0;0
110002176;0;0;0;0;0;0;0;0
110002177;0;4;12;0;0;0;0;0
110002178;0;-67;-9;0;0;0;0;-3
110002179;0;-2;1;2;0;0;0;0
110002180;0;0;0;0;0;0;0;0
110002181;0;22;70;0;0;0;0;0
110002182;0;1;0;0;0;0;0;0
110002185;0;0;-2;0;0;0;0;0
110002191;0;0;0;0;0;0;0;0
110002193;0;0;0;0;0;0;0;0
110002195;0;0;0;0;0;0;0;0
110002197;0;0;0;0;0;0;0;0
110002198;0;0;0;0;0;0;0;52
110002199;0;0;0;0;0;0;0;0
110002200;0;0;0;0;0;0;0;0
110002201;0;1;0;0;0;0;0;0
110002202;0;23;0;84;0;0;0;-87
110002203;0;0;-1;0;0;0;0;0
110002204;0;0;0;0;0;0;0;0
110002205;0;147;0;0;0;0;0;7
110002206;0;24;-200;-10;0;0;0;-20
110002207;0;0;0;0;0;0;0;0
110002209;0;0;0;0;0;0;0;0
110002211;0;0;0;0;0;0;0;0
110002223;0;0;0;21;0;0;0;42
110002225;0;0;0;0;0;0;0;0
110002226;0;0;0;0;0;0;0;0
110002227;0;1836;562;-56;0;0;0;289
110002228;0;1706;-156;56;0;0;0;189
110002229;0;0;168;48;0;0;0;117
110002230;0;146;35;0;0;0;0;13
110002231;0;0;0;0;0;0;0;128
110002233;0;0;0;0;0;0;0;0
110002239;0;0;0;0;0;0;0;0
110002242;0;868;-40;0;0;0;0;32
110002244;0;0;0;0;0;0;0;0
110002246;0;0;0;0;0;0;0;0
110002249;0;321;691;0;0;0;0;37
110002250;0;-112;0;0;0;0;0;5
110002253;0;0;-63;-30;0;0;-30;0
110002254;0;0;0;0;0;0;0;0
110002257;0;0;0;0;0;0;0;0
110002260;0;0;-1;0;0;0;0;0
110002264;0;-42;240;5;0;0;-305;-10
110002265;0;5;-1190;-101;0;0;255;-29
110002270;0;0;0;0;0;0;0;0
110002271;0;0;-4;0;0;0;0;1
110002273;0;-30;0;0;0;0;0;107
110002274;0;0;0;0;0;0;0;1
110002275;0;171;-30;0;0;0;0;9
110002277;0;0;0;0;0;0;0;0
110002278;0;26;0;750;0;0;0;-11
110002279;0;-110;0;1338,2;0;0;0;193
110002280;0;-1;0;0;0;0;0;0
110002285;0;-1139;0;-20;0;0;0;60
110002290;0;0;0;0;0;0;0;0
110002291;0;-8;-287;0;0;0;0;-57
110002293;0;0;0;0;0;0;0;0
110002294;0;0;-7;0;0;0;0;0
110002295;0;0;1;0;0;0;0;0
110002297;0;0;0;0;0;0;0;0
110002298;0;0;0;-2;5;0;0;0
110002300;0;-53;0;0;0;0;0;0
110002301;0;-24;-4;-1;0;0;0;0
110002302;0;-16;-4;0;0;0;0;0
110002307;0;-698;0;-4000;0;0;0;5
110002313;0;0;0;0;0;0;0;0
110002317;0;64;28;0;0;0;0;18
110002318;0;290;182;0;0;0;0;1
110002319;0;137;-33;0;0;0;0;0
110002324;0;0;0;0;25;0;0;0
110002330;0;1633;0;0;7;0;0;645
110002331;0;0;0;0;0;0;0;0
110002332;0;0;0;0;0;0;0;-33
110002333;0;292,66;-44,04;0;0;0;0;20,516
110002336;0;0;11;-4;0;0;0;1
110002337;0;0;0;0;0;0;0;0
110002344;0;0;0;0;-5;0;0;0
110002345;0;0;0;0;19;0;0;0
110002346;0;0;0;0;0;0;0;0
110002347;0;0;0;0;0;0;0;0
110002348;0;0;0;0;0;0;0;-500
110002349;0;0;0;0;0;0;0;0
110002350;0;154;4;0;0;0;0;6
110002353;0;0;0;0;0;0;0;0
110002356;0;0;-5;0;0;0;0;0
110002361;0;0;0;0;0;0;0;0
110002362;0;0;0;0;0;0;0;0
110002363;0;1;-320;0;0;0;0;0
110002365;0;-75;0;370;0;0;0;0
110002366;0;-252;0;56;0;0;0;-2
110002367;0;2;-14;-402;0;0;0;0
110002368;0;12;56;-29;0;0;0;0
110002374;0;-21;37;0;0;0;0;0
110002378;0;0;-6;0;0;0;0;0
110002379;0;0;5;0;0;0;0;0
110002380;0;0;-0,2;0;0;0;0;0
110002381;0;4;54;-18;0;0;0;2
110002386;0;-3;-246;0;0;0;0;66
110002389;0;867,5;445;10;0;0;0;138
110002391;0;0;-11;0;0;0;0;0
110002393;0;109;322;0;0;0;0;11
110002396;0;30;-655,5;-130;0;0;0;11
110002397;0;0;0;-100;0;0;0;100
110002402;0;12;-31;0;0;0;0;6
110002410;0;0;0;0;0;0;0;0
110002411;0;0;0;0;0;0;0;0
110002413;0;0;0;0;0;0;0;0
110002415;0;13;-1;0;0;0;0;-6
110002417;0;11;4;0;0;0;0;0
110002419;0;2;0;0;0;0;0;0
110002420;0;0;-240;240;0;0;0;0
110002421;0;0;0;-8;0;0;0;0
110002422;0;0;0;0;0;0;0;0
110002424;0;1;0;0;0;0;0;0
110002425;0;10;0;0;0;0;0;0
110002427;0;0;0;-36;0;0;0;0
110002429;0;0;-119;-242;0;0;0;343
110002430;0;0;-7;0;0;0;0;10
110002431;0;0;1;0;0;0;0;20
110002433;0;0;0;0;0;0;0;0
110002434;0;0;5;-6;0;0;0;0
110002437;0;0;0;0;0;0;0;0
110002439;0;0;0;0;0;0;0;0
110002442;0;89;0;-344;0;0;0;0
110002443;0;0;0;0;0;0;0;0
110002444;0;25;-49;0;0;0;0;0
110002445;0;57;0;-186;0;0;0;-14
110002446;0;-3;0;-24;0;0;0;0
110002447;0;0;0;0;0;0;0;0
110002448;0;0;0;28;0;0;0;0
110002449;0;0;0;-28;0;0;0;0
110002452;0;0;0;0;0;0;0;0
110002458;0;0;-5,6;0;0;0;0;-0,4
110002459;0;0;0;0;0;0;0;0
110002461;0;98,5;0;0;0;0;0;1
110002463;0;0;0;0;0;0;0;-2
110002464;0;-26;0;-232;0;0;0;-2
110002467;0;11;-86;0;0;0;0;0
110002468;0;-162;-82;0;0;0;0;-34
110002469;0;-44;103;0;0;0;0;-31
110002470;0;70;30;-10;0;0;0;-47
110002472;0;0;0;0;0;0;0;-1
110002473;0;0;0;0;0;0;0;-24
110002480;0;0;-3;0;0;0;0;0
110002482;0;0;0;0;0;0;0;0
110002485;0;722;61;-8;0;0;0;21
110002488;0;0;0;0;0;0;0;0
110002489;0;0;0;0;0;0;0;0
110002490;0;0;0;0;0;0;0;0
110002491;0;0;0;0;0;0;0;0
110002495;0;0;0;60;0;0;0;0
110002498;0;-149;-69;-362;0;0;0;58
110002499;0;112;161;-17;0;0;0;68
110002500;0;12;-58;0;0;0;0;62
110002503;0;265;28;0;0;0;0;11
110002505;0;0;0;9;0;0;0;0
110002506;0;1149;-2367;0;0;0;0;21
110002507;0;1218;144;0;0;0;0;18
110002508;0;1360;25;0;0;0;0;8
110002511;0;28;0;0;0;0;0;-1
110002512;0;107;-65;0;0;0;0;-14
110002514;0;18;0;-524;0;0;10;-20
110002515;0;45;320;120;0;0;40;0
110002521;0;0;0;0;0;0;0;0
110002523;0;0;0;0;0;0;0;0
110002525;0;1;0;0;0;0;0;0
110002526;0;0;0;0;0;0;0;0
110002528;0;-1;0;106;0;0;0;0
110002529;0;0;-16;30;0;0;0;-13
110002531;0;-26;15;0;0;0;0;2
110002533;0;0;126;0;-150;0;0;236
110002535;0;1;-8;0;0;0;0;0
110002538;0;21;0;0;0;0;0;-14
110002540;0;4;0;0;0;0;0;5
110002541;0;0;0;0;0;0;0;0
110002543;0;0;0;0;0;0;0;0
110002547;0;43;-30;0;0;0;0;8
110002548;0;0;0;0;3;0;0;0
110002550;0;13;1;0;0;0;0;5
110002555;0;133;118;0;0;0;0;0
110002556;0;0;0;0;0;0;0;0
110002560;0;-3;1;0;0;0;0;2
110002562;0;0;0;0;0;0;0;0
110002563;0;-8;-600;0;0;0;0;0
110002565;0;0;0;164;0;0;0;-127
110002567;0;-5;0;0;0;0;0;-1
110002569;0;0;0;0;0;0;0;0
110002571;0;0;-2;0;0;0;0;1
110002572;0;0;0;0;0;0;0;0
110002575;0;0;0;-20;0;0;0;-83
110002577;0;12;0;0;0;0;0;-22
110002578;0;-2;0;3;0;0;0;0
110002581;0;0;0;0;0;0;0;0
110002582;0;0;0;0;0;0;0;-22
110002583;0;0;0;0;0;0;0;-9
110002584;0;0;0;0;0;0;0;0
110002585;0;0;0;0;0;0;0;0
110002587;0;89;0;0;0;0;0;0
110002588;0;0;0;0;0;0;0;0
110002589;0;0;0;0;0;0;0;100
110002590;0;27;-58;0;0;0;0;0
110002591;0;0;0;0;0;0;0;0
110002592;0;0;0;0;0;0;0;0
110002593;0;0;1;0;0;0;0;0
110002594;0;0;0;0;0;0;0;-2
110002595;0;0;0;0;0;0;0;0
110002596;0;0;0;0;0;0;0;0
110002598;0;0;-3;0;0;0;0;0
110002600;0;0;0;-3;0;0;0;1
110002601;0;0;0;0;0;0;0;0
110002603;0;0;0;0;0;0;0;0
110002604;0;0;0;0;0;0;0;0
110002608;0;0;-1;0;0;0;0;1
110002613;0;21;0;47;0;0;0;-3
110002617;0;-1;0;0;0;0;0;4
110002621;0;0;0;0;0;0;0;0
110002622;0;0;0;0;0;0;0;0
110002624;0;0;0;0;0;0;0;0
110002625;0;0;0;0;0;0;0;0
110002626;0;0;0;0;0;0;0;0
110002628;0;0;9;0;0;0;0;1
110002638;0;0;0;0;0;0;0;0
110002646;0;0;0;584;0;0;0;0
110002647;0;0;0;-10;0;0;0;0
110002651;0;16;18;0;0;0;0;-10
110002652;0;-59;19;0;0;0;0;30
110002655;0;5;0;0;0;0;0;0
110002656;0;0;0;0;0;0;0;0
110002657;0;0;0;0;0;0;0;-1
110002658;0;0;0;0;0;0;0;-4
110002660;0;12;46;0;0;0;0;5
110002662;0;-5;0;0;0;0;0;0
110002663;0;0;2;0;0;0;0;-6
110002665;0;0;0;0;0;0;0;0
110002667;0;0;0;0;0;0;0;0
110002668;0;0;0;0;0;0;0;0
110002669;0;0;0;0;0;0;0;0
110002671;0;0;0;-1;0;0;0;-3
110002675;0;0;-69;0;0;0;-47;5
110002676;0;0;0;0;0;0;0;1
110002677;0;0;-5;0;0;0;0;0
110002678;0;0;0;0;0;0;0;0
110002679;0;0;0;0;0;0;0;0
110002693;0;3;0;180;0;0;0;0
110002695;0;0;0;0;0;0;0;0
110002697;0;0;0;0;0;0;0;0
110002698;0;0;-121;0;0;0;0;30
110002699;0;0;-107;-45;0;0;0;-4
110002700;0;5;0;0;0;0;0;0
110002701;0;7;25;0;0;0;0;-20
110002702;0;13;22;0;0;0;0;10
110002704;0;0;-16;0;0;0;0;0
110002707;0;12;0;0;0;0;0;9
110002709;0;0;0;0;0;0;0;0
110002710;0;76;0;0;0;0;0;0
110002717;0;0;0;0;0;0;0;0
110002722;0;-15;-45;0;0;0;0;6
110002724;0;0;0;0;0;0;0;0
110002725;0;0;0;0;0;0;0;-200
110002726;0;13;0;40;0;0;0;0
110002729;0;0;0;0;0;0;0;1
110002730;0;0;0;0;0;0;0;0
110002731;0;0;0;0;0;0;0;0
110002732;0;0;0;0;0;0;0;0
110002747;0;0;0;0;0;0;0;0
110002751;0;0;0;0;0;0;0;0
110002752;0;0;0;0;0;0;0;0
110002755;0;0;0;0;0;0;0;0
110002756;0;-2;-14;0;0;0;0;15
110002758;0;1;0;0;0;0;0;22
110002760;0;-1;0;4;0;0;0;0
110002762;0;36;69;0;0;0;0;28
110002763;0;0;0;0;0;0;0;0
110002764;0;0;0;0;0;0;0;0
110002770;0;0;-11;0;0;0;0;0
110002773;0;5;0;0;0;0;0;0
110002774;0;-29;30;7;0;0;30;0
110002776;0;0;0;0;0;0;0;9
110002858;0;0;0;0;0;0;0;0
110002859;0;0;0;0;0;0;0;0
110002860;0;0;0;0;0;0;0;0
110002861;0;0;0;0;2;0;0;0
110002862;0;0;0;0;0;0;0;-32
110002866;0;130;-221;0;0;0;0;16
110002869;0;0;0;0;0;0;0;0
110002870;0;0;0;0;0;0;0;0
110002873;0;243;0;0;0;0;0;49
110002874;0;0;0;0;0;0;0;0
110002875;0;1;-5;0;0;0;0;0
110002892;0;0;0;-152;0;0;0;3
110002895;0;0;0;0;0;0;0;0
110002896;0;0;0;-2;0;0;0;0
110002897;0;0;0;0;0;0;0;0
110002898;0;0;0;0;0;0;0;0
110002899;0;0;0;0;0;0;0;0
110002902;0;268;-32;0;0;0;0;0
110002903;0;0;-1;0;0;0;0;0
110002904;0;0;10;0;0;0;0;-5
110002905;0;0;0;0;0;0;0;0
110002908;0;36;0;0;0;0;0;0
110002909;0;0;0;0;0;0;0;0
110002911;0;6;29;0;0;0;0;-23
110002914;0;0;0;0;0;0;0;0
110002915;0;0;17;0;0;0;0;0
110002920;0;0;0;90;0;0;0;-1
110002921;0;0;0;0;1;0;0;0
110002922;0;-1;0;0;0;0;0;0
110002927;0;0;5;0;0;0;0;0
110002931;0;7;0;0;0;0;0;0
110002932;0;0;-145;0;0;0;0;0
110002934;0;11;0;0;0;0;0;-44
110002939;0;-26;0;0;0;0;0;0
110002940;0;0;0;0;0;0;0;0
110002943;0;0;0;0;0;0;0;0
110002947;0;0;0;0;0;0;0;0
110002950;0;51;-580;420;0;0;0;0
110002952;0;0;0;0;0;0;0;0
110002958;0;24;0;512;0;0;0;0
110002959;0;0;0;250;0;0;0;0
110002962;0;63;82;0;0;0;0;7
110002964;0;0;0;0;0;0;0;0
110002965;0;0;0;-25;0;0;0;-21
110002990;0;0;0;0;0;0;0;0
110002991;0;0;0;0;0;0;0;0
110002993;0;0;0;0;0;0;0;0
110002994;0;0;0;0;0;0;0;0
110002995;0;0;0;0;0;0;0;0
110002996;0;0;0;0;0;0;0;-6
110003001;0;0;0;0;0;0;0;0
110003002;0;0;0;0;0;0;0;0
110003003;0;1;3;0;0;0;0;5
110003004;0;0;0;0;0;0;0;0
110003006;0;0;0;-120;0;0;0;0
110003007;0;0;233;0;0;0;0;28
110003008;0;0;0;0;0;0;0;0
110003009;0;0;28;0;0;0;0;5
110003010;0;11;-27;0;0;0;0;0
110003011;0;7;-30;0;0;0;0;0
110003012;0;0;0;0;0;0;0;0
110003015;0;0;0;0;0;0;0;0
110003016;0;0;0;0;-2;0;0;0
110003017;0;0;-2;0;0;0;0;-1
110003018;0;0;0;0;0;0;0;0
110003019;0;0;0;4;-1;0;0;-1
110003020;0;87,5;0;1871;0;0;0;-29
110003021;0;387;0;254;0;0;0;198
110003022;0;5;0;0;0;0;0;-21
110003023;0;0;-4;0;0;0;0;0
110003024;0;0;0;0;0;0;0;0
110003025;0;0;-2;0;0;0;0;0
110003026;0;219;0;0;0;0;0;2
110003032;0;0;-1;0;0;0;0;0
110003033;0;12;0;0;0;0;0;0
110003034;0;0;0;0;0;0;0;0
110003035;0;0;0;0;0;0;0;0
110003038;0;33;120;180;0;0;0;0
110003039;0;0;0;-10;0;0;0;0
110003040;0;17;0;0;0;0;0;0
110003041;0;0;0;0;0;0;0;0
110003042;0;0;0;0;0;0;0;0
110003043;0;0;0;0;1;0;0;0
110003047;0;-3;0;0;1;0;0;-1
110003051;0;0;0;20;0;0;0;0
110003052;0;0;0;0;0;0;0;0
110003053;0;0;-9;0;0;0;0;0
110003059;0;36;31;0;0;0;0;0
110003060;0;693;-486;0;0;0;0;6
110003061;0;34;-10;0;0;0;0;0
110003062;0;15;61;0;0;0;0;-9
110003065;0;0;0;0;0;0;0;0
110003068;0;34;-135;55;129;0;0;0
110003070;0;0;0;0;0;0;0;0
110003071;0;0;0;0;0;0;0;0
110003072;0;0;0;0;0;0;0;0
110003073;0;0;-50;0;0;0;0;0
110003074;0;-3;0;0;2;0;0;0
110003075;0;0;3;0;-4;0;0;0
110003080;0;0;-3;0;0;0;0;-81
110003081;0;0;0;0;0;0;0;0
110003084;0;0;0;0;0;0;0;0
110003088;0;0;0;0;0;0;0;0
110003089;0;138,5;6;0;0;0;0;0
110003090;0;28;-56;0;0;0;0;0
110003093;0;0;0;0;0;0;0;0
110003094;0;80;0;0;0;0;0;-67
110003097;0;0;0;2;0;0;0;0
110003098;0;-49;-5;-30;0;0;0;116
110003099;0;0;0;0;0;0;0;0
110003100;0;0;0;0;0;0;0;0
110003103;0;0;0;0;0;0;0;0
110003105;0;16;0;0;0;0;0;0
110003106;0;-24;20;0;0;0;0;4
110003107;0;56;-30;0;0;0;0;0
110003113;0;0;0;0;0;0;0;-6
110003114;0;0;0;0;0;0;0;0
110003115;0;0;0;0;0;0;0;0
110003116;0;0;0;-1;0;0;0;0
110003117;0;0;0;0;0;0;0;0
110003120;0;0;0;0;0;0;0;12
110003121;0;216;-308;0;0;0;0;3
110003123;0;0;0;0;0;0;0;-8
110003124;0;0;0;0;0;0;0;0
110003125;0;0;0;0;0;0;0;-4
110003127;0;43;35;0;0;0;0;-5
110003128;0;0;0;0;0;0;0;0
110003129;0;0;0;-6;0;0;0;0
110003131;0;0;0;0;0;0;0;0
110003133;0;0;-4;0;0;0;0;0
110003135;0;0;0;0;0;0;0;0
110003136;0;0;0;0;0;0;0;-2
110003141;0;2;0;0;0;0;0;0
110003142;0;0;0;0;0;0;0;0
110003143;0;-57;28;145;0;0;0;32
110003144;0;-17;0;2;0;0;0;40
110003146;0;0;0;0;0;0;0;0
110003147;0;0;0;0;0;0;0;0
110003148;0;-2;-3;0;0;0;0;4
110003149;0;1519;0;0;0;0;0;36
110003151;0;0;0;0;-2;0;0;0
110003153;0;0;0;0;0;0;0;0
110003154;0;0;0;0;0;0;0;0
110003155;0;0;0;0;0;0;0;0
110003156;0;0;0;3;0;0;0;0
110003157;0;0;0;0;0;0;0;0
110003159;0;0;0;0;-2;0;0;0
110003162;0;0;0;0;0;0;0;0
110003163;0;0;0;0;0;0;0;0
110003164;0;0;0;0;0;0;0;0
110003165;0;0;0;0;0;0;0;0
110003173;0;-27;13;0;0;0;-300;0
110003176;0;-93;0;0;0;0;0;0
110003177;0;0;0;0;0;0;0;0
110003179;0;-195;120;-1;0;0;0;0
110003180;0;93;-103;0;0;0;0;-22
110003181;0;-57;336;0;0;0;0;0
110003183;0;0;0;0;0;0;0;0
110003184;0;0;0;0;0;0;0;0
110003185;0;0;-8;-0,5;0;0;0;6
110003188;0;0;0;0;2;0;0;0
110003189;0;0;-1;0;0;0;0;0
110003190;0;0;0;0;0;0;0;23
110003191;0;0;0;0;0;0;0;0
110003192;0;10;0;0;0;0;0;0
110003193;0;0;0;1;0;0;0;0
110003194;0;0;0;0;0;0;0;0
110003199;0;0;0;0;-46;0;0;0
110003201;0;0;0;0;0;0;0;0
110003202;0;0;0;0;0;0;0;0
110003203;0;7;1;0;0;0;0;16
110003205;0;0;0;0;0;0;0;0
110003206;0;0;-1;0;0;0;0;0
110003208;0;0;0;1;0;0;0;-1
110003209;0;0;0;0;0;0;0;0
110003210;0;0;1;0;0;0;0;0
110003213;0;0;0;0;0;0;0;0
110003216;0;0;0;0;0;0;0;0
110003217;0;-4;0;0;0;0;0;0
110003219;0;0;0;0;71;0;0;0
110003220;0;-2;0;0;0;0;0;0
110003222;0;0;0;0;0;0;0;0
110003223;0;171;69;0;0;0;0;0
110003225;0;0;0;0;0;0;0;0
110003228;0;0;0;0;0;0;0;0
110003232;0;35;-41;0;0;0;0;-46
110003234;0;420;160;0;0;0;0;0
110003236;0;0;0;0;0;0;0;0
110003237;0;0;0;0;0;0;0;0
110003238;0;0;0;0;0;0;0;0
110003239;0;0;0;0;0;0;0;0
110003242;0;38;-28;0;0;0;0;0
110003247;0;0;0;2;0;0;0;0
110003250;0;0;0;0;0;0;0;0
110003251;0;0;0;0;0;0;0;0
110003252;0;42;0;0;0;0;0;-18
110003254;0;-145;0;0;0;0;0;15
110003255;0;0;0;0;0;0;0;0
110003256;0;0;0;0;0;0;0;0
110003257;0;0;-8;0;0;0;0;0
110003258;0;0;0;0;0;0;0;0
110003259;0;601;-407;0;0;0;0;3
110003260;0;79;-180;0;0;0;0;30
110003261;0;0;0;0;0;0;0;0
110003263;0;0;0;0;0;0;0;4
110003264;0;0;0;-2;0;0;0;0
110003265;0;0;0;0;0;0;0;-1
110003266;0;0;0;0;0;0;0;0
110003268;0;-16;0;0;0;0;0;0
110003270;0;0;0;0;0;0;0;0
110003271;0;0;0;0;-3;0;0;0
110003272;0;-7;-60;40;0;0;110;0
110003273;0;0;0;0;0;0;0;0
110003274;0;0;0;0;0;0;0;0
110003275;0;0;0;0;0;0;0;0
110003278;0;-11;0;0;0;0;0;0
110003279;0;0;0;0;0;0;0;0
110003281;0;0;0;0;0;0;0;0
110003284;0;0;0;0;0;0;0;0
110003287;0;0;0;0;0;0;0;0
110003288;0;10;0;0;0;0;0;0
110003289;0;0;0;0;0;0;0;0
110003290;0;0;0;0;0;0;0;0
110003291;0;0;0;-5;0;0;0;0
110003292;0;258;0;0;0;0;0;-5
110003293;0;0;0;0;0;0;0;0
110003294;0;0;0;0;0;0;0;0
110003295;0;0;0;0;0;0;0;0
110003296;0;-8;0;2;0;0;0;0
110003297;0;0;0;0;0;0;0;0
110003298;0;0;0;0;0;0;0;0
110003299;0;-15;22;0;0;0;0;5
110003300;0;0;0;0;0;0;0;-500
110003301;0;0;0;0;0;0;0;0
110003304;0;0;0;0;0;0;0;0
110003305;0;90;0;-58;0;0;0;0
110003306;0;120;0;0;0;0;0;0
110003308;0;0;0;0;6;0;0;0
110003309;0;0;0;0;0;0;0;-9
110003310;0;0;0;0;0;0;0;0
110003311;0;0;0;0;0;0;0;0
110003312;0;0;0;0;0;0;0;0
110003313;0;0;0;0;0;0;0;0
110003314;0;0;0;0;0;0;0;0
110003315;0;0;0;0;0;0;0;0
110003316;0;0;0;0;0;0;0;0
110003317;0;0;0;0;0;0;0;0
110003318;0;0;0;0;0;0;0;-1
110003319;0;0;0;0;0;0;0;0
110003320;0;0;0;-14;0;0;0;0
110003321;0;5;0;-5;0;0;0;0
110003326;0;0;0;0;0;0;0;0
110003327;0;0;0;0;0;0;0;0
110003328;0;0;0;0;0;0;0;0
110003329;0;0;0;0;0;0;0;0
110003332;0;0;0;0;0;0;0;0
110003334;0;0;0;0;-4;0;0;0
110003335;0;0;0;0;0;0;0;0
110003336;0;-8;0;-12;0;0;0;-245
110003337;0;0;84;0;0;0;0;0
110003338;0;-64;0;-112;0;0;0;0
110003339;0;0;0;0;0;0;0;0
110003340;0;1;0;0;0;0;0;0
110003341;0;3;24;0;0;0;0;0
110003342;0;-3;0;0;0;0;0;0
110003346;0;0;0;0;28;0;0;0
110003348;0;0;0;0;0;0;0;0
110003349;0;0;-11;0;0;0;0;-1
110003350;0;0;0;0;0;0;0;0
110003351;0;0;0;0;0;0;0;0
110003352;0;0;0;0;0;0;0;0
110003355;0;1;0;4;0;0;0;1
110003359;0;-12;-60;240;0;0;120;0
110003360;0;0;0;0;0;0;0;0
110003361;0;0;0;0;0;0;0;0
110003363;0;261;19;0;0;0;0;10
110003364;0;-57;-120;120;0;0;30;0
110003365;0;0;0;0;0;0;0;0
110003366;0;0;0;0;0;0;0;0
110003367;0;0;0;0;0;0;0;0
110003368;0;0;0;0;0;0;0;0
110003369;0;0;0;0;0;0;0;0
110003370;0;0;0;0;0;0;0;0
110003372;0;176,5;225;-24;-221;0;0;-5
110003375;0;0;0;0;0;0;0;0
110003376;0;0;0;0;1,5;0;0;0
110003377;0;0;1;0;0;0;0;0
110003378;0;0;0;0;0;0;0;1
110003379;0;0;0;0;0;0;0;0
110003380;0;0;0;0;0;0;0;0
110003381;0;0;0;0;0;0;0;0
110003382;0;0;0;0;0;0;0;0
110003383;0;0;0;0;0;0;0;0
110003384;0;0;0;0;0;0;0;0
110003385;0;0;0;0;0;0;0;0
110003386;0;0;0;0;0;0;0;0
110003387;0;0;0;0;0;0;0;0
110003388;0;0;0;0;0;0;0;0
110003389;0;0;0;0;0;0;0;0
110003390;0;0;0;0;0;0;0;0
110003391;0;0;0;0;0;0;0;0
110003392;0;0;0;0;0;0;0;0
110003393;0;0;0;0;0;0;0;0
110003394;0;0;0;0;0;0;0;0
110003395;0;0;0;0;0;0;0;0
110003396;0;0;0;0;0;0;0;0
110003397;0;0;0;0;0;0;0;0
110003398;0;0;0;0;0;0;0;0
110003399;0;0;0;0;0;0;0;0
110003400;0;0;0;0;0;0;0;0
110003401;0;0;0;0;0;0;0;0
110003402;0;0;0;0;0;0;0;0
110003403;0;0;0;0;0;0;0;0
110003404;0;0;0;0;0;0;0;0
110003405;0;0;0;0;0;0;0;0
110003406;0;0;0;0;0;0;0;0
110003407;0;0;0;0;0;0;0;0
110003408;0;0;0;0;0;0;0;0
110003409;0;0;0;0;0;0;0;0
110003410;0;0;0;0;0;0;0;0
110003411;0;0;0;0;0;0;0;0
110003412;0;0;0;0;0;0;0;0
110003413;0;0;0;0;0;0;0;0
110003414;0;0;0;0;0;0;0;0
110003415;0;0;0;0;0;0;0;0
110003416;0;0;0;0;0;0;0;0
110003417;0;0;0;0;0;0;0;0
110003418;0;0;0;0;0;0;0;0
110003419;0;0;0;0;0;0;0;0
110003420;0;0;0;0;0;0;0;0
110003421;0;0;0;0;0;0;0;0
110003422;0;0;0;0;0;0;0;0
110003423;0;0;0;0;0;0;0;0
110003424;0;0;0;0;0;0;0;0
110003425;0;0;0;0;0;0;0;0
110003426;0;0;0;0;0;0;0;0
110003427;0;0;0;0;0;0;0;0
110003429;0;15;0;-653;0;0;0;0
110003430;0;94;0;0;0;0;0;0
110003431;0;0;0;0;0;0;0;0
110003432;0;0;0;0;0;0;0;-4
110003434;0;43;-2;0;-1;0;0;0
110003436;0;43;151;128;0;0;0;5
110003437;0;0;0;0;0;0;0;0
110003440;0;0;0;0;0;0;0;0
110003441;0;0;0;0;0;0;0;0
110003442;0;0;0;0;0;0;0;0
110003443;0;0;0;0;0;0;0;-1
110003444;0;0;0;0;0;0;0;0
110003445;0;0;0;0;0;0;0;0
110003446;0;0;0;0;0;0;0;0
110003447;0;0;-1;0;0;0;0;-15
110003448;0;0;0;0;0;0;0;0
110003449;0;0;0;0;0;0;0;0
110003450;0;0;0;0;0;0;0;0
110003451;0;0;0;0;0;0;0;0
110003452;0;0;0;0;0;0;0;0
110003453;0;0;0;0;0;0;0;0
110003454;0;0;0;0;0;0;0;0
110003455;0;0;0;0;0;0;0;0
110003456;0;0;0;0;0;0;0;0
110003457;0;0;0;0;0;0;0;0
110003458;0;0;0;0;0;0;0;0
110003459;0;0;0;0;0;0;0;0
110003460;0;0;0;0;0;0;0;0
110003461;0;0;0;0;0;0;0;0
110003462;0;0;0;0;0;0;0;0
110003463;0;0;0;0;0;0;0;0
110003464;0;0;0;0;0;0;0;0
110003465;0;0;0;0;0;0;0;0
110003466;0;0;0;0;0;0;0;0
110003467;0;0;0;0;0;0;0;0
110003468;0;0;0;0;0;0;0;0
110003469;0;0;0;0;0;0;0;0
110003470;0;0;0;0;0;0;0;0
110003471;0;0;0;0;0;0;0;0
110003472;0;0;0;0;0;0;0;0
110003473;0;0;0;0;0;0;0;0
110003474;0;0;0;0;0;0;0;0
110003475;0;0;0;0;0;0;0;0
110003476;0;0;0;0;0;0;0;0
110003477;0;0;0;0;0;0;0;0
110003478;0;0;0;0;0;0;0;0
110003479;0;0;0;0;0;0;0;0
110003486;0;0;0;0;0;0;0;0
110003488;0;0;0;0;0;0;0;0
110003489;0;0;0;0;0;0;0;0
110003490;0;0;0;0;0;0;0;0
110003491;0;0;0;0;0;0;0;0
110003492;0;0;0;0;0;0;0;0
110003493;0;0;0;0;0;0;0;0
110003494;0;0;0;0;0;0;0;0
110003495;0;0;0;0;0;0;0;0
110003497;0;0;0;0;0;0;0;0
110003498;0;0;0;0;0;0;0;0
110003499;0;0;0;0;0;0;0;0
110003500;0;0;0;0;0;0;0;0
110003501;0;0;0;0;0;0;0;0
110003502;0;0;0;0;0;0;0;0
110003503;0;-9;0;0;0;0;0;0
110003504;0;0;0;0;0;0;0;0
110003505;0;0;0;0;0;0;0;0
110003507;0;0;0;0;0;0;0;0
110003508;0;0;0;0;0;0;0;0
110003511;0;0;0;-54;0;0;0;0
110003513;0;0;0;-34;0;0;0;0
110003516;0;0;0;0;0;0;0;0
110003517;0;0;0;0;0;0;0;0
110003519;0;3;0;0;0;0;0;-4
110003520;0;0;0;0;0;0;0;0
110003521;0;0;0;111;0;0;0;-1
110003522;0;0;1;-5;0;0;0;0
110003524;0;0;-20;7;0;0;0;12
110003525;0;0;0;0;0;0;0;0
110003526;0;271;382;323;0;0;0;315
110003527;0;0;16,5;0;0;0;0;0
110003528;0;9;0;0;0;0;0;0
110003529;0;-2;-2;0;0;0;0;0
110003530;0;0;0;0;-29;0;0;0
110003532;0;-9;0;0;0;0;0;0
110003533;0;0;0;0;0;0;0;0
110003536;0;0;0;0;0;0;0;0
110003537;0;-35;0;0;0;0;0;58,5
110003539;0;0;-2;0;0;0;0;0
110003540;0;2;-1;0;0;0;0;22
110003541;0;0;11;0;0;0;0;0
110003542;0;0;0;0;0;0;0;0
110003544;0;0;0;0;0;0;0;0
110003545;0;0;0;0;0;0;0;0
110003546;0;0;0;0;0;0;0;0
110003547;0;0;0;0;0;0;0;-5
110003548;0;-24;0;0;0;0;0;0
110003549;0;0;0;0;0;0;0;0
110003550;0;-1;0;0;0;0;0;0
110003553;0;0;0;0;0;0;0;0
110003554;0;0;0;0;0;0;0;-2
110003555;0;0;31;0;0;0;0;1
110003556;0;13,5;-48;-167;0;0;0;-41,5
110003557;0;0;0;0;0;0;0;0
110003559;0;-2;0;0;0;0;0;0
110003562;0;0;-40;0;0;0;0;0
110003563;0;-4;10;0;0;0;0;0
110003564;0;0;0;0;0;0;0;0
110003565;0;0;-2;0;-3;0;0;0
110003566;0;0;0;0;0;0;0;0
110003567;0;0;0;0;1;0;0;0
110003569;0;0;0;0;0;0;0;0
110003571;0;0;0;0;0;0;0;0
110003572;0;-5;0;-31;0;0;0;0
110003573;0;-9;315;0;0;0;0;25
110003574;0;0;0;0;0;0;0;0
110003575;0;-1;0;0;0;0;0;-2
110003576;0;-2;9;0;0;0;0;-2
110003583;0;0;0;0;0;0;0;0
110003585;0;0;0;0;0;0;0;0
110003586;0;0;0;0;0;0;0;0
110003588;0;6;-1;0;0;0;0;1
110003589;0;0;0;0;0;0;0;0
110003590;0;0;0;0;0;0;0;0
110003591;0;0;0;0;0;0;0;0
110003592;0;0;-30;0;0;0;0;14
110003594;0;25;0;0;0;0;0;6
110003596;0;0;0;0;0;0;0;0
110003597;0;0;0;0;0;0;0;0
110003599;0;-21;83;0;0;0;0;6
110003600;0;0;0;0;0;0;0;0
110003601;0;0;0;0;-3;0;0;0
110003602;0;0;0;0;1;0;0;0
110003605;0;-1;383;90;0;0;0;274
110003607;0;0;4;0;0;0;0;0
110003608;0;0;0;0;0;0;0;0
110003609;0;0;-35;0;0;0;0;0
110003610;0;90;0;0;0;0;0;0
110003611;0;0;0;1;0;0;0;0
110003613;0;0;0;0;0;0;0;0
110003615;0;0;-15;0;0;0;0;0
110003617;0;0;0;0;0;0;0;0
110003618;0;0;0;0;0;0;0;0
110003623;0;-9;30;150;0;0;30;0
110003624;0;0;0;28;0;0;0;0
110003626;0;1;0;0;-175;0;0;0
110003627;0;0;0;0;0;0;0;0
110003629;0;-58;-5;0;0;0;0;0
110003631;0;0;0;0;0;0;0;0
110003632;0;0;0;0;0;0;0;0
110003633;0;7;0;262;0;0;0;-197
110003634;0;0;0;0;0;0;0;0
110003635;0;0;0;0;0;0;0;0
110003636;0;9;0;0;0;0;0;3
110003637;0;0;-20;0;0;0;0;0
110003638;0;37;0;0;0;0;0;26
110003639;0;4;-14;0;0;0;0;2
110003640;0;113;0;-840;0;0;0;-9
110003641;0;0;0;7;0;0;0;0
110003642;0;0;0;-3;0;0;0;0
110003643;0;0;0;0;0;0;0;0
110003644;0;0;0;0;0;0;0;0
110003648;0;0;0;0;0;0;0;0
110003649;0;0;0;0;0;0;0;0
110003650;0;0;0;0;0;0;0;0
110003651;0;-3;25;0;0;0;0;0
110003652;0;-10;18;0;0;0;0;0
110003653;0;0;0;0;0;0;0;0
110003654;0;0;-10;0;0;0;0;28
110003655;0;7;98;0;0;0;0;18
110003656;0;0;-4;0;0;0;0;0
110003657;0;0;0;0;0;0;0;0
110003658;0;0;0;-14;0;0;0;-21
110003659;0;0;0;0;0;0;0;0
110003660;0;0;0;0;0;0;0;300
110003661;0;-26;0;-102;0;0;0;0
110003663;0;0;0;0;0;0;0;0
110003664;0;0;0;0;0;0;0;0
110003665;0;-2;0;0;0;0;0;-8
110003667;0;0;0;0;0;0;0;0
110003668;0;0;0;30;0;0;0;0
110003669;0;0;0;0;0;0;0;0
110003670;0;0;0;0;0;0;0;0
110003671;0;0;0;0;0;0;0;0
110003672;0;0;0;0;0;0;0;0
110003673;0;0;0;0;0;0;0;0
110003674;0;0;30;-110;0;0;0;0
110003677;0;0;0;28;0;0;0;0
110003678;0;0;0;0;0;0;0;-2
110003679;0;0;0;0;0;0;0;0
110003680;0;0;0;-42;0;0;0;0
110003681;0;-4;0;7;0;0;0;0
110003682;0;-19;0;-2;0;0;0;0
110003683;0;-26;0;0;0;0;0;0
110003686;0;0;0;0;0;0;0;0
110003687;0;0;0;0;0;0;0;0
110003688;0;0;0;-3;0;0;0;4
110003689;0;0;0;0;0;0;0;0
110003690;0;0;0;0;0;0;0;0
110003691;0;0;0;0;0;0;0;0
110003692;0;0;0;2;0;0;0;0
110003693;0;0;0;0;0;0;0;0
110003697;0;0;10;-6;0;0;0;-2
110003698;0;0;0;0;0;0;0;0
110003699;0;0;0;0;0;0;0;-8
110003701;0;0;0;-30;0;0;0;0
110003702;0;-7;0;11;2;0;0;7
110003703;0;6;0;0;0;0;0;0
110003708;0;0;0;0;0;0;0;0
110003709;0;-5;-114;-6;0;0;0;-57
110003711;0;-1;-8;0;0;0;0;-50
110003713;0;0;0;0;0;0;0;0
110003714;0;0;0;0;0;0;0;0
110003715;0;0;0;0;0;0;0;0
110003716;0;0;-1;0;0;0;0;0
110003718;0;0;5;0;0;0;0;0
110003719;0;0;0;0;0;0;0;0
110003720;0;0;0;0;0;0;0;0
110003722;0;0;0;0;0;0;0;0
110003723;0;0;0;0;0;0;0;0
110003724;0;0;0;0;0;0;0;0
110003725;0;0;0;0;0;0;0;0
110003726;0;0;0;0;0;0;0;0
110003728;0;0;0;0;0;0;0;0
110003729;0;67;0;0;0;0;0;42
110003730;0;0;0;0;0;0;0;0
110003732;0;0;0;0;0;0;0;0
110003733;0;0;0;-62;0;0;0;0
110003734;0;0;0;-7;0;0;0;0
110003735;0;0;0;0;0;0;0;0
110003736;0;0;0;-24;0;0;0;0
110003737;0;12;0;-1;0;0;0;0
110003739;0;0;0;0;0;0;0;0
110003740;0;0;0;60;0;0;0;0
110003741;0;0;0;0;0;0;0;0
110003742;0;0;0;0;0;0;0;0
110003743;0;0;0;20;0;0;0;0
110003745;0;267;38;0;0;0;0;-7
110003746;0;0;0;0;0;0;0;0
110003748;0;3;0;0;0;0;0;0
110003750;0;0;0;0;0;0;0;0
110003751;0;0;0;0;0;0;0;0
110003752;0;0;0;0;0;0;0;1
110003753;0;0;0;0;0;0;0;0
110003754;0;0;0;0;0;0;0;0
110003755;0;0;0;0;0;0;0;0
110003756;0;0;0;50;0;0;0;0
110003757;0;28;0;0;0;0;0;0
110003758;0;50;0;0;0;0;0;0
110003761;0;0;0;0;0;0;0;0
110003762;0;0;0;0;0;0;0;0
110003763;0;0;0;0;0;0;0;0
110003764;0;0;0;0;0;0;0;0
110003765;0;0;0;0;0;0;0;0
110003766;0;0;0;0;0;0;0;0
110003767;0;0;0;0;0;0;0;0
110003768;0;0;0;0;0;0;0;0
110003769;0;0;0;0;0;0;0;0
110003770;0;0;0;0;0;0;0;0
110003771;0;0;0;0;0;0;0;0
110003772;0;0;0;0;0;0;0;0
110003773;0;0;0;0;0;0;0;0
110003774;0;0;0;0;0;0;0;0
110003775;0;0;0;0;0;0;0;0
110003776;0;0;0;0;0;0;0;0
110003777;0;0;0;0;0;0;0;0
110003778;0;0;0;0;0;0;0;0
110003779;0;0;0;0;0;0;0;0
110003780;0;31;3;0;0;0;0;19
110003782;0;0;0;0;0;0;0;0
110003783;0;359;100;0;0;0;0;0
110003784;0;281;90;0;0;0;0;-12
110003785;0;0;0;0;-3;0;0;0
110003786;0;-8;2;0;0;0;0;0
110003788;0;0;0;0;0;0;0;0
110003789;0;0;0;0;0;0;0;0
110003790;0;0;0;0;0;0;0;0
110003791;0;0;0;0;1;0;0;0
110003792;0;0;0;0;0;0;0;0
110003794;0;0;0;0;0;0;0;0
110003795;0;0;0;0;0;0;0;0
110003798;0;2;0;0;0;0;0;0
110003799;0;0;0;0;0;0;0;0
110003800;0;0;0;0;0;0;0;6
110003801;0;0;0;-2;0;0;0;0
110003803;0;0;0;-40;0;0;0;0
110003804;0;0;0;0;0;0;0;-0,05
110003807;0;-34;-26;0;0;0;0;-6
110003808;0;0;0;0;0;0;0;0
110003809;0;0;0;0;0;0;0;31
110003811;0;0;0;0;0;0;0;27
110003813;0;0;0;0;0;0;0;0
110003815;0;0;0;0;0;0;0;0
110003817;0;0;0;98;0;0;0;0
110003819;0;0;0;0;0;0;0;0
110003821;0;0;0;0;0;0;0;0
110003823;0;0;0;0;0;0;0;0
110003824;0;0;0;0;0;0;0;0
110003825;0;0;0;0;0;0;0;0
110003826;0;0;-10;0;0;0;0;-10
110003827;0;0;0;20;0;0;0;0
110003831;0;0;1;0;0;0;0;0
110003832;0;0;0;0;-1;0;0;0
110003834;0;0;0;0;0;0;0;0
110003836;0;0;0;30;0;0;0;0
110003837;0;111;0;0;0;0;0;4
110003838;0;0;0;0;0;0;0;0
110003840;0;2;-8;0;0;0;0;-29
110003841;0;0;0;0;0;0;0;0
110003843;0;0;0;0;0;0;0;0
110003844;0;6;0;0;0;0;0;0
110003846;0;0;0;0;0;0;0;0
110003847;0;0;0;0;0;0;0;0
110003848;0;-7;-10;0;0;0;420;0
110003850;0;0;0;0;0;0;0;0
110003851;0;0;-3;0;0;0;0;0
110003852;0;0;0;0;0;0;0;4
110003853;0;0;0;0;0;0;0;0
110003854;0;0;0;0;0;0;0;0
110003856;0;0;6;0;0;0;0;0
110003857;0;72;-28;0;0;0;0;0
110003858;0;2;0;0;0;0;0;0
110003859;0;0;0;-180;0;0;0;0
110003860;0;0;0;0;0;0;0;0
110003861;0;0;0;0;0;0;0;0
110003862;0;0;0;0;0;0;0;0
110003864;0;0;0;0;0;0;0;0
110003867;0;0;0;0;0;0;0;0
110003868;0;0;0;0;0;0;0;-1
110003869;0;0;0;0;0;0;0;0
110003870;0;0;0;0;0;0;0;0
110003873;0;0;0;0;0;0;0;31
110003874;0;0;0;0;0;0;0;0
110003875;0;0;0;91;0;0;0;5
110003876;0;0;-2;0;0;0;0;0
110003878;0;0;0;0;0;0;0;0
110003879;0;25;0;0;0;0;0;0
110003881;0;0;1;0;0;0;0;0
110003882;0;0;0;0;0;0;0;-1
110003883;0;0;0;0;0;0;0;0
110003885;0;0;-1;0;0;0;0;0
110003886;0;0;-2;11;37;0;0;0
110003887;0;0;0;4;0;0;0;0
110003889;0;0;0;0;0;0;0;0
110003890;0;0;0;0;0;0;0;0
110003891;0;0;0;14;0;0;0;0
110003892;0;0;0;0;0;0;0;0
110003893;0;0;0;0;0;0;0;17
110003894;0;0;7;0;0;0;0;0
110003895;0;-1;0;-5;0;0;0;-6
110003896;0;0;0;0;0;0;0;0
110003897;0;0;0;0;0;0;0;0
110003898;0;0;0;0;0;0;0;0
110003899;0;0;0;0;0;0;0;0
110003900;0;0;0;0;0;0;-60;0
110003901;0;0;0;0;0;0;0;0
110003902;0;48;0;-39;0;0;0;18
110003903;0;0;0;0;0;0;0;-13
110003904;0;0;0;0;0;0;0;-10
110003905;0;0;0;0;0;0;0;0
110003906;0;0;0;0;0;0;0;0
110003907;0;0;0;0;0;0;0;0
110003909;0;0;0;0;0;0;0;0
110003910;0;0;0;0;0;0;0;-16
110003911;0;0;0;0;0;0;0;0
110003912;0;0;0;0;0;0;0;0
110003913;0;0;0;0;0;0;0;0
110003914;0;0;0;0;0;0;0;0
110003915;0;0;0;0;0;0;0;0
110003916;0;0;0;0;0;0;0;0
110003917;0;0;0;0;0;0;0;0
110003918;0;0;0;0;0;0;0;0
110003919;0;0;-1;0;0;0;0;0
110003920;0;0;0;0;0;0;0;0
110003922;0;0;0;0;0;0;0;0
110003923;0;0;2;0;0;0;0;0
110003925;0;3,5;0;-360;0;0;0;0
110003926;0;0;0;0;0;0;0;0
110003928;0;0;0;54;0;0;0;0
110003929;0;0;0;0;0;0;0;0
110003930;0;0;0;0;0;0;0;0
110003931;0;0;0;9;0;0;0;0
110003932;0;0;0;-32;0;0;0;0
110003933;0;0;0;0;0;0;0;0
110003934;0;2;0;0;0;0;0;0
110003935;0;0;0;-9;0;0;0;0
110003936;0;0;-10;0;0;0;0;0
110003937;0;0;0;-2;0;0;0;0
110003938;0;0;0;0;0;0;0;-1
110003939;0;0;0;0;0;0;0;0
110003940;0;0;0;0;0;0;0;0
110003941;0;0;0;40;0;0;0;0
110003942;0;0;0;0;0;0;0;0
110003943;0;0;0;0;0;0;0;0
110003944;0;0;0;0;0;0;0;0
110003945;0;0;0;0;0;0;0;0
110003946;0;0;0;0;0;0;0;0
110003948;0;0;0;0;0;0;0;0
110003950;0;0;0;0;0;0;0;0
110003951;0;-71;60;0;0;0;90;0
110003952;0;0;0;0;0;0;0;0
110003953;0;0;0;0;0;0;0;0
110003954;0;0;-2;0;0;0;0;0
110003955;0;0;0;0;0;0;0;0
110003956;0;0;0;0;0;0;0;0
110003957;0;-33;60;0;0;0;-60;0
110003958;0;-1;0;4;0;0;0;0
110003959;0;0;0;0;0;0;0;0
110003960;0;0;-25;0;0;0;0;0
110003962;0;0;0;0;0;0;0;0
110003963;0;0;0;0;0;0;0;0
110003964;0;0;0;0;0;0;0;0
110003965;0;0;0;0;0;0;0;0
110003966;0;0;0;0;0;0;0;0
110003967;0;0;0;0;0;0;0;0
110003968;0;0;0;0;0;0;0;0
110003969;0;0;0;0;0;0;0;0
110003970;0;0;0;0;0;0;0;0
110003971;0;4;-4;0;0;0;0;0
110003973;0;21;13;0;0;0;0;9
110003974;0;-92;56;-168;0;0;0;0
110003975;0;5;0;0;0;0;0;5
110003976;0;0;-33;0;0;0;0;-2
110003977;0;0;0;-1;0;0;0;0
110003978;0;0;2;0;0;0;1;0
110003979;0;24,5;100;-6,5;-174;0;0;0
110003980;0;0;0;0;0;0;0;0
110003981;0;0;0;0;0;0;0;0
110003982;0;0;-13;0;-2;0;0;0
110003983;0;0;0;0;0;0;0;0
110003985;0;0;0;0;0;0;0;0
110003986;0;0;0;0;0;0;0;-50
110003987;0;0;0;0;0;0;0;0
110003988;0;0;0;0;0;0;0;0
110003989;0;0;0;0;0;0;0;0
110003990;0;0;-10;14;0;0;0;0
110003991;0;0;0;0;0;0;0;0
110003992;0;0;0;0;0;0;0;0
110003993;0;0;0;0;0;0;0;0
110003994;0;0;0;-4;0;0;0;0
110003996;0;0;0;-4;0;0;0;0
110003997;0;0;0;0;0;0;0;0
110003998;0;0;0;0;0;0;0;0
110003999;0;0;0;0;0;0;0;0
110004000;0;0;0;0;0;0;0;0
110004001;0;0;0;0;0;0;0;0
110004002;0;11;130;0;0;0;-180;0
110004003;0;0;0;0;0;0;0;0
110004004;0;0;0;0;0;0;0;0
110004005;0;0;0;60;0;0;0;0
110004008;0;0;0;0;0;0;0;0
110004009;0;0;0;0;0;0;0;0
110004010;0;0;0;0;0;0;0;0
110004011;0;4;0;74;0;0;0;0
110004012;0;0;0;0;0;0;0;0
110004013;0;0;0;0;0;0;0;0
110004015;0;0;0;6;0;0;0;0
110004016;0;0;0;0;0;0;0;0
110004018;0;0;0;4;0;0;0;0
110004019;0;0;0;0;0;0;0;0
110004021;0;0;0;0;0;0;0;0
110004022;0;0;2;0;0;0;0;3
110004023;0;0;0;0;0;0;0;0
110004024;0;0;0;0;0;0;0;0
110004025;0;0;0;0;0;0;0;0
110004026;0;-70;0;5;0;0;-30;0
110004027;0;0;0;0;-6;0;0;0
110004028;0;0;0;0;0;0;0;0
110004029;0;0;0;0;0;0;0;0
110004030;0;0;0;0;0;0;0;0
110004031;0;0;0;0;0;0;0;0
110004032;0;7;0;0;0;0;0;-48
110004033;0;0;0;0;0;0;0;0
110004034;0;0;600;-600;0;0;0;-3
110004035;0;0;0;0;0;0;0;0
110004036;0;0;0;0;0;0;0;0
110004037;0;0;0;0;0;0;0;0
110004038;0;0;0;0;0;0;0;0
110004039;0;0;0;0;0;0;0;0
110004042;0;0;0;0;0;0;0;-100
110004043;0;0;0;10;0;0;0;0
110004044;0;0;0;0;0;0;0;0
110004045;0;0;0;0;0;0;0;0
110004046;0;0;0;0;0;0;0;0
110004047;0;0;0;0;0;0;0;0
110004048;0;-1;0;0;0;0;0;0
110004049;0;0;0;0;0;0;0;0
110004050;0;0;0;0;0;0;0;0
110004051;0;0;0;0;0;0;0;0
110004052;0;0;0;0;0;0;0;0
110004053;0;0;0;-4;0;0;0;0
110004054;0;0;0;0;0;0;0;0
110004055;0;0;0;0;0;0;0;0
110004056;0;0;0;0;2;0;0;0
110004057;0;0;0;0;0;0;0;0
110004058;0;0;0;0;0;0;0;0
110004059;0;0;0;0;0;0;0;0
110004060;0;0;0;0;0;0;0;0
110004061;0;0;0;0;0;0;0;0
110004062;0;0;0;0;0;0;0;0
110004063;0;0;0;0;0;0;0;0
110004064;0;0;0;0;0;0;0;0
110004065;0;0;0;0;0;0;0;0
110004066;0;-2;-4;0;0;0;0;0
110004067;0;0;0;0;0;0;0;0
110004068;0;0;0;0;0;0;0;0
110004069;0;0;0;0;0;0;0;0
110004070;0;0;0;0;0;0;0;0
110004071;0;0;0;0;0;0;0;0
110004072;0;0;0;0;0;0;0;0
110004073;0;0;0;0;0;0;0;0
110004075;0;0;0;0;0;0;0;-3
110004076;0;0;0;0;0;0;0;6
110004077;0;0;5;0;0;0;0;0
110004078;0;0;0;0;0;0;0;0
110004079;0;187;0;0;0;0;0;0
110004080;0;15;0;0;0;0;0;-20
110004081;0;0;0;140;0;0;0;56
110004082;0;0;0;44;0;0;0;0
110004083;0;0;0;0;0;0;0;0
110004084;0;0;0;0;0;0;0;0
110004085;0;0;0;30;0;0;0;0
110004086;0;0;0;1;0;0;0;0
110004088;0;0;0;0;0;0;0;0
110004089;0;0;0;0;0;0;0;0
110004091;0;0;0;4;0;0;0;6
110004092;0;0;0;0;0;0;0;0
110004093;0;129;154;0;0;0;0;0
110004094;0;67;-17;0;0;0;0;12
110004095;0;36;0;0;0;0;0;0
110004096;0;0;0;0;0;0;0;0
110004097;0;0;0;0;0;0;0;0
110004101;0;0;0;0;0;0;0;0
110004102;0;0;0;67;0;0;0;0
110004103;0;0;2;0;0;0;0;0
110004104;0;37;180;0;0;0;0;2
110004105;0;0;0;0;0;0;0;0
110004106;0;0;0;0;0;0;0;0
110004107;0;0;0;0;0;0;0;0
110004108;0;-26;0;-56;0;0;0;0
110004109;0;0;0;0;0;0;0;0
110004110;0;0;0;0;0;0;0;0
110004111;0;0;0;0;0;0;0;0
110004112;0;0;0;0;0;0;0;0
110004114;0;0;-30;2;0;0;180;0
110004115;0;0;0;4;0;0;0;0
110004116;0;0;0;0;0;0;0;0
110004118;0;0;0;0;0;0;0;0
110004119;0;0;0;0;0;0;0;0
110004121;0;0;0;0;0;0;0;0
110004122;0;56;42;0;0;0;0;11
110004123;0;0;0;0;0;0;0;0
110004124;0;0;0;0;0;0;0;0
110004125;0;0;0;0;0;0;0;0
110004126;0;0;0;0;0;0;0;0
110004128;0;0;0;0;0;0;0;0
110004129;0;0;0;1;0;0;0;0
110004130;0;0;0;0;0;0;0;0
110004131;0;0;0;0;0;0;0;0
110004132;0;0;0;0;0;0;0;0
110004133;0;0;0;0;0;0;0;0
110004134;0;0;0;0;0;0;0;0
110004135;0;0;0;-16;0;0;0;0
110004136;0;0;0;0;0;0;0;0
110004137;0;0;0;0;0;0;0;0
110004138;0;0;0;0;0;0;0;0
110004139;0;0;0;0;0;0;0;0
110004140;0;0;0;0;0;0;0;0
110004141;0;0;0;3;0;0;0;0
110004142;0;0;0;0;0;0;0;0
110004144;0;0;0;-30;0;0;0;0
110004145;0;-14;0;0;0;0;0;0
110004146;0;0;0;0;0;0;0;0
110004147;0;-11;0;22;-7;0;0;0
110004148;0;0;0;0;0;0;0;0
110004150;0;0;-20;0;0;0;0;0
110004151;0;0;0;0;0;0;0;0
110004152;0;0;0;0;0;0;0;0
110004153;0;0;0;4;-1;0;0;0
110004156;0;0;0;0;0;0;0;0
110004157;0;0;0;0;0;0;0;0
110004159;0;0;0;-30;0;0;0;0
110004160;0;0;0;0;0;0;0;-2
110004161;0;0;0;-7;0;0;0;0
110004162;0;0;0;0;0;0;0;0
110004163;0;0;0;0;0;0;0;0
110004164;0;0;0;0;0;0;0;0
110004165;0;0;0;0;0;0;0;0
110004166;0;0;0;0;0;0;0;0
110004167;0;0;-1;0;0;0;0;0
110004168;0;0;-1;0;0;0;0;0
110004169;0;0;1;0;0;0;0;0
110004170;0;0;0;0;0;0;0;0
110004171;0;0;0;0;0;0;0;0
110004172;0;0;0;0;0;0;0;0
110004173;0;0;0;0;0;0;0;0
110004174;0;0;0;0;0;0;0;0
110004175;0;-232;-60;-526;0;0;-180;0
110004176;0;0;0;-1;0;0;0;0
110004177;0;0;-4;4;0;0;0;0
110004178;0;0;-2596;0;0;0;0;0
110004179;0;0;0;0;0;0;0;0
110004180;0;0;0;0;0;0;0;0
110004181;0;0;0;0;0;0;0;0
110004182;0;0;0;0;0;0;0;0
110004186;0;0;0;0;0;0;0;0
110004188;0;0;0;-17;0;0;0;-5
110004189;0;0;0;0;0;0;0;0
110004190;0;0;0;0;0;0;0;0
110004191;0;-1;0;0;0;0;0;-38
110004192;0;0;0;0;0;0;0;0
110004193;0;0;0;0;0;0;0;0
110004194;0;0;0;0;0;0;0;0
110004195;0;0;0;0;0;0;0;0
110004196;0;0;0;0;0;0;0;-15
110004197;0;0;0;0;0;0;0;0
110004198;0;0;0;0;0;0;0;0
110004199;0;0;0;-90;0;0;0;0
110004200;0;0;0;0;0;0;0;0
110004201;0;0;0;0;0;0;0;0
110004202;0;0;0;0;0;0;0;0
110004203;0;0;0;0;0;0;0;-10
110004204;0;0;0;0;0;0;0;0
110004205;0;0;0;0;0;0;0;0
110004206;0;-2;0;-48;0;0;0;-135
110004207;0;0;0;0;0;0;0;0
110004208;0;0;0;0;0;0;0;0
110004209;0;0;0;0;0;0;0;0
110004210;0;0;0;0;0;0;0;0
110004211;0;0;0;0;0;0;0;0
110004212;0;0;0;0;0;0;0;0
110004213;0;0;0;0;0;0;0;0
110004216;0;0;0;0;0;0;0;0
110004217;0;0;0;0;0;0;0;0
110004220;0;4;0;-21;0;0;0;0
110004221;0;0;135;0;0;0;0;16
110004222;0;0;0;0;0;0;0;0
110004224;0;0;0;0;0;0;0;0
110004225;0;0;0;0;0;0;0;0
110004226;0;0;0;0;0;0;0;0
110004227;0;0;0;0;0;0;0;0
110004228;0;0;0;0;0;0;0;0
110004229;0;0;0;0;0;0;0;0
110004230;0;0;0;0;0;0;0;0
110004231;0;0;0;0;0;0;0;0
110004232;0;0;0;0;0;0;0;0
110004233;0;0;-4;0;0;0;0;0
110004234;0;0;2;0;0;0;0;0
110004235;0;0;1;0;0;0;0;0
110004236;0;0;12;0;0;0;0;0
110004237;0;0;0;0;2;0;0;0
110004238;0;0;0;0;0;0;0;0
110004239;0;0;0;0;0;0;0;0
110004240;0;0;0;0;0;0;0;0
110004241;0;0;0;0;0;0;0;0
110004242;0;0;0;0;0;0;0;0
110004243;0;0;0;0;0;0;0;0
110004245;0;3;32;0;0;0;0;0
110004247;0;0;0;0;0;0;0;0
110004248;0;0;0;-4;0;0;0;0
110004249;0;0;0;-60;0;0;0;0
110004250;0;0;0;0;0;0;0;0
110004251;0;0;-102;-9;0;0;-49;0
110004252;0;0;0;0;0;0;0;0
110004253;0;0;0;0;5;0;0;0
110004254;0;0;0;0;3;0;0;0
110004255;0;0;0;0;0;0;0;0
110004256;0;0;0;0;0;0;0;0
110004257;0;0;0;0;0;0;0;0
110004258;0;0;0;0;0;0;0;0
110004259;0;0;0;-1;0;0;0;0
110004260;0;0;0;0;0;0;0;0
110004261;0;0;0;0;0;0;0;0
110004262;0;0;0;0;1;0;0;0
110004263;0;0;0;0;-5;0;0;0
110004267;0;0;0;0;0;0;0;0
110004268;0;0;0;0;0;0;0;0
110004269;0;0;0;0;0;0;0;-4
110004271;0;0;0;0;0;0;0;0
110004272;0;0;0;0;0;0;0;0
110004273;0;22;0;0;0;0;0;0
110004274;0;0;0;0;0;0;0;0
110004275;0;0;0;7;0;0;0;0
110004277;0;0;0;0;0;0;0;0
110004278;0;0;0;0;0;0;0;0
110004279;0;0;0;0;0;0;0;0
110004280;0;0;0;0;0;0;0;0
110004281;0;0;0;0;0;0;0;0
110004284;0;0;0;-8;0;0;0;-2
110004285;0;0;-10;0;0;0;0;0
110004286;0;0;0;0;0;0;0;0
110004287;0;0;0;6;0;0;0;0
110004288;0;0;0;0;0;0;0;0
110004289;0;0;35995;0;0;0;0;0
110004290;0;0;0;-4;-4;0;0;0
110004291;0;1;-2;0;0;0;0;0
110004293;0;0;0;0;0;0;0;0
110004294;0;0;-12;0;0;0;0;0
110004295;0;0;0;0;0;0;0;0
110004297;0;0;0;0;0;0;0;0
110004298;0;0;0;0;0;0;0;0
110004299;0;0;0;0;0;0;0;0
110004300;0;0;0;0;0;0;0;0
110004301;0;0;0;0;1;0;0;0
110004302;0;0;0;0;0;0;0;0
110004304;0;0;0;0;0;0;0;0
110004305;0;0;0;0;0;0;0;-300
110004306;0;0;0;0;0;0;0;0
110004307;0;0;0;0;0;0;0;0
110004308;0;0;-4;0;0;0;0;0
110004309;0;0;0;0;0;0;0;0
110004310;0;0;0;0;0;0;0;0
110004313;0;0;0;0;0;0;0;0
110004314;0;0;0;0;0;0;0;0
110004316;0;0;0;0;0;0;0;0
110004317;0;-9;0;0;0;0;0;0
110004318;0;0;0;0;0;0;0;0
110004319;0;0;0;0;0;0;0;0
110004320;0;0;0;0;0;0;0;0
110004321;0;0;0;0;0;0;0;0
110004322;0;0;-90;0;0;0;0;65
110004323;0;0;0;0;0;0;0;0
110004324;0;-8;0;0;0;0;0;0
110004326;0;0;0;0;0;0;0;8
110004327;0;0;0;0;0;0;0;0
110004328;0;0;0;0;0;0;0;0
110004329;0;0;0;0;0;0;0;0
110004330;0;0;0;0;0;0;0;0
110004331;0;0;0;0;0;0;0;0
110004332;0;0;0;0;0;0;0;0
110004333;0;0;0;2;0;0;0;2
110004334;0;-26;120;-2;0;0;0;0
110004335;0;0;0;0;0;0;30;0
110004336;0;0;0;0;0;0;0;0
110004337;0;0;0;-10;1;0;0;0
110004338;0;0;0;0;0;0;0;0
110004339;0;0;0;0;0;0;0;0
110004340;0;0;0;0;0;0;0;0
110004341;0;0;49;0;0;0;0;0
110004342;0;4;90;150;0;0;-120;0
110004343;0;0;0;0;0;0;0;0
110004344;0;0;0;2;0;0;0;0
110004345;0;0;0;0;0;0;0;0
110004346;0;0;0;0;41;0;0;0
110004347;0;0;0;0;1;0;0;0
110004348;0;0;0;0;0;0;0;5
110004349;0;0;0;-10;0;0;0;0
110004350;0;0;0;0;0;0;0;0
110004351;0;8;8;0;0;0;0;0
110004353;0;0;0;0;0;0;0;0
110004354;0;0;0;0;0;0;0;0
110004355;0;0;0;0;0;0;0;0
110004356;0;0;0;-52;0;0;0;0
110004359;0;2;0;-19;0;0;0;0
110004360;0;0;0;0;0;0;0;0
110004361;0;0;0;0;0;0;0;0
110004362;0;0;0;0;0;0;0;0
110004363;0;0;0;0;0;0;0;0
110004364;0;0;0;0;0;0;0;0
110004365;0;0;0;0;0;0;0;0
110004366;0;0;0;0;0;0;0;0
110004367;0;0;0;0;0;0;0;0
110004368;0;0;0;0;0;0;0;0
110004369;0;0;0;0;0;0;0;0
110004370;0;0;0;0;0;0;0;0
110004371;0;0;0;0;0;0;0;0
110004372;0;0;0;0;0;0;0;0
110004373;0;0;0;0;0;0;0;0
110004374;0;0;0;0;0;0;0;0
110004375;0;0;0;0;0;0;0;0
110004376;0;0;0;0;0;0;0;0
110004377;0;0;0;0;0;0;0;0
110004378;0;0;0;0;0;0;0;0
110004379;0;0;0;0;0;0;0;0
110004380;0;0;0;0;0;0;0;0
110004381;0;0;0;0;0;0;0;0
110004382;0;0;0;0;0;0;0;0
110004383;0;0;0;0;0;0;0;0
110004384;0;0;0;0;0;0;0;0
110004385;0;0;0;80;0;0;0;0
110004386;0;-1;0;0;0;0;0;0
110004387;0;-1;0;0;0;0;0;0
110004388;0;0;0;0;0;0;0;0
110004389;0;0;0;0;0;0;0;0
110004390;0;0;0;0;0;0;0;0
110004391;0;0;0;0;0;0;0;0
110004392;0;0;0;0;0;0;0;0
110004393;0;0;0;0;0;0;0;0
110004394;0;0;0;0;0;0;0;0
110004395;0;0;0;0;0;0;0;0
110004396;0;0;0;0;0;0;0;0
110004397;0;0;0;0;0;0;0;0
110004398;0;0;0;0;0;0;0;0
110004399;0;0;0;0;0;0;0;0
110004400;0;0;0;-2;0;0;0;10
110004401;0;0;0;-300;0;0;0;-236
110004402;0;0;0;0;0;0;0;0
110004403;0;0;0;0;0;0;0;0
110004404;0;0;0;0;0;0;0;0
110004406;0;0;0;0;0;0;0;0
110004407;0;362;0;0;0;0;0;7
110004409;0;0;0;0;0;0;0;0
110004410;0;-14;-2;0;0;0;0;0
110004411;0;-23;-51;360;0;0;0;0
110004412;0;0;0;0;0;0;0;0
110004413;0;-2;-8;0;0;0;0;-30
110004414;0;0;0;0;0;0;0;0
110004415;0;0;0;-3;0;0;0;0
110004416;0;0;0;0;0;0;0;0
110004417;0;0;0;0;0;0;0;0
110004418;0;0;0;0;0;0;0;0
110004419;0;0;0;0;0;0;0;2
110004421;0;0;0;0;0;0;0;-1
110004423;0;0;-1;0;0;0;0;0
110004424;0;0;0;0;0;0;0;0
110004425;0;0;0;0;0;0;0;0
110004426;0;0;0;0;0;0;0;2
110004427;0;0;0;0;0;0;0;0
110004428;0;0;0;0;0;0;0;-2
110004429;0;0;0;0;0;0;0;0
110004430;0;0;0;0;0;0;0;-4
110004431;0;0;0;-5;0;0;0;1
110004432;0;0;0;-60;0;0;0;0
110004434;0;0;0;-3;0;0;0;0
110004436;0;0;0;0;0;0;0;0
110004438;0;0;0;0;0;0;0;0
110004439;0;0;0;0;30;0;0;0
110004440;0;0;0;0;-5;0;0;0
110004441;0;0;0;0;-4;0;0;0
110004442;0;0;0;0;0;0;0;0
110004443;0;0;0;0;0;0;0;0
110004444;0;0;0;0;0;0;0;0
110004446;0;0;0;0;0;0;0;0
110004447;0;0;0;0;26;0;0;0
110004448;0;0;0;0;0;0;0;0
110004449;0;0;0;0;0;0;0;0
110004450;0;0;0;0;0;0;0;0
110004451;0;0;0;0;0;0;0;0
110004452;0;0;0;0;0;0;0;0
110004453;0;0;0;0;0;0;0;-7
110004454;0;0;0;0;0;0;0;0
110004455;0;0;0;1;0;0;0;0
110004456;0;0;0;0;0;0;0;0
110004457;0;0;0;0;-60;0;0;0
110004458;0;0;0;-10;0;0;0;0
110004459;0;0;0;0;0;0;0;0
110004460;0;0;0;0;0;0;0;0
110004461;0;-78;0;0;0;0;0;0
110004463;0;0;0;0;0;0;0;0
110004464;0;0;0;0;0;0;0;0
110004465;0;0;0;0;0;0;0;0
110004466;0;21;0;0;0;0;0;-1
110004467;0;0;0;-8;0;0;0;0
110004468;0;0;-1;0;0;0;0;0
110004469;0;-1;-2;0;0;0;0;0
110004470;0;-1;0;0;0;0;0;-1
110004471;0;0;0;-1;0;0;0;0
110004472;0;-1;0;-14;0;0;0;0
110004473;0;0;0;0;0;0;0;0
110004474;0;0;0;0;0;0;0;0
110004475;0;0;0;0;0;0;0;0
110004476;0;0;0;0;0;0;0;0
110004477;0;0;0;0;0;0;0;0
110004478;0;0;0;0;0;0;0;-3
110004479;0;0;0;0;0;0;0;0
110004480;0;0;0;0;0;0;0;0
110004481;0;0;0;0;0;0;0;0
110004482;0;28;0;0;0;0;0;0
110004483;0;0;1;0;0;0;0;0
110004484;0;0;0;0;0;0;0;0
110004485;0;0;0;0;0;0;0;0
110004486;0;0;0;0;0;0;0;0
110004487;0;0;0;0;0;0;0;0
110004488;0;0;0;0;0;0;0;0
110004489;0;0;0;0;0;0;0;0
110004490;0;0;0;0;0;0;0;0
110004491;0;0;0;0;0;0;0;-3
110004492;0;0;0;0;0;0;0;0
110004493;0;0;0;0;2;0;0;0
110004494;0;0;0;0;0;0;0;0
110004495;0;0;0;102;0;0;0;0
110004496;0;0;0;-100;0;0;0;0
110004497;0;-4;0;89;0;0;0;0
110004498;0;0;0;0;0;0;0;0
110004499;0;0;0;0;0;0;0;0
110004500;0;0;0;0;0;0;0;0
110004501;0;0;0;0;0;0;0;0
110004502;0;27;0;0;0;0;0;4
110004503;0;0;0;30;0;0;0;0
110004504;0;0;0;0;0;0;0;0
110004505;0;0;0;0;0;0;0;0
110004506;0;0;0;0;0;0;0;0
110004507;0;0;0;0;-1;0;0;0
110004508;0;0;0;-2;0;0;0;0
110004509;0;0;0;5;0;0;0;0
110004510;0;0;35;0;0;0;0;0
110004511;0;0;25;0;0;0;0;0
110004512;0;0;0;0;0;0;0;-1
110004513;0;0;0;0;0;0;0;0
110004514;0;0;4;0;0;0;0;0
110004515;0;0;0;0;0;0;0;0
110004516;0;0;0;0;0;0;0;0
110004517;0;0;0;0;0;0;0;0
110004518;0;0;0;0;0;0;0;0
110004519;0;0;0;6;0;0;0;27
110004520;0;0;0;0;-11;0;0;0
110004521;0;0;0;-1;0;0;0;0
110004522;0;-75,34;20;0;0;0;0;0
110004523;0;0;0;0;0;0;0;0
110004524;0;0;0;-6;0;0;0;0
110004525;0;0;0;0;0;0;0;0
110004528;0;0;0;0;0;0;0;-2
110004529;0;0;0;0;0;0;0;0
110004530;0;0;0;-1;0;0;0;-2
110004531;0;0;0;0;0;0;0;0
110004532;0;0;0;0;0;0;0;0
110004533;0;0;0;0;0;0;0;0
110004534;0;0;0;0;0;0;0;0
110004535;0;0;0;0;0;0;0;0
110004536;0;0;0;-1;0;0;0;0
110004537;0;0;0;0;0;0;0;0
110004538;0;0;0;0;0;0;0;0
110004539;0;0;0;0;0;0;0;-2
110004540;0;-1;0;0;0;0;0;0
110004541;0;0;0;0;0;0;0;0
110004542;0;0;0;0;0;0;0;0
110004543;0;0;0;0;0;0;0;0
110004544;0;0;0;0;0;0;0;0
110004545;0;0;0;0;0;0;0;0
110004546;0;65;0;0;0;0;0;2
110004547;0;0;0;0;0;0;0;0
110004549;0;0;0;0;0;0;0;0
110004550;0;0;0;0;0;0;0;0
110004551;0;0;0;-1;0;0;0;0
110004553;0;0;0;28;0;0;0;0
110004554;0;0;0;14;0;0;0;0
110004555;0;0;0;14;0;0;0;0
110004556;0;0;0;0;0;0;0;0
110004557;0;0;0;0;0;0;0;0
110004558;0;20;-27;0;0;0;0;0
110004560;0;0;0;0;0;0;0;0
110004561;0;0;0;0;0;0;0;0
110004562;0;0;0;0;0;0;0;0
110004563;0;0;0;0;0;0;0;0
110004564;0;0;0;0;0;0;0;0
110004565;0;0;0;0;0;0;0;0
110004567;0;0;0;0;0;0;0;0
110004568;0;0;0;0;0;0;0;0
110004569;0;0;0;0;0;0;0;0
110004570;0;0;0;0;0;0;0;0
110004571;0;0;0;0;0;0;0;0
110004572;0;0;0;0;0;0;0;0
110004573;0;0;0;0;0;0;0;0
110004574;0;0;0;0;0;0;0;0
110004575;0;0;0;0;0;0;0;0
110004576;0;0;0;0;0;0;0;0
110004577;0;0;0;0;0;0;0;0
110004578;0;0;0;0;0;0;0;0
110004579;0;0;0;0;0;0;0;0
110004580;0;0;0;0;0;0;0;0
110004581;0;0;0;0;0;0;0;0
110004582;0;0;0;0;0;0;0;0
110004583;0;0;0;0;0;0;0;0
110004584;0;162;0;0;0;0;0;0
110004585;0;0;0;0;0;0;0;0
110004586;0;0;0;0;0;0;0;0
110004587;0;0;0;0;0;0;0;0
110004588;0;0;0;0;0;0;0;0
110004589;0;0;0;0;0;0;0;0
110004590;0;0;0;0;0;0;0;0
110004591;0;0;0;0;0;0;0;0
110004592;0;0;0;0;0;0;0;0
110004593;0;0;0;0;0;0;0;0
110004594;0;0;0;0;0;0;0;0
110004595;0;0;0;0;0;0;0;0
110004596;0;0;0;0;0;0;0;0
110004597;0;0;0;0;0;0;0;0
110004599;0;0;0;0;0;0;0;0
110004600;0;0;0;0;0;0;0;0
110004601;0;0;0;0;0;0;0;0
110004602;0;0;0;540;0;0;0;0
110004603;0;0;0;0;0;0;0;0
110004604;0;0;0;0;0;0;0;0
110004605;0;0;0;0;-1;0;0;0
110004606;0;0;0;0;0;0;0;-1
110004607;0;0;0;0;0;0;0;0
110004608;0;3;0;0;0;0;0;4
110004609;0;0;0;0;0;0;0;0
110004610;0;0;0;0;0;0;0;0
110004611;0;0;0;0;0;0;0;0
110004612;0;0;0;0;0;0;0;0
110004613;0;0;0;0;0;0;0;-1
110004614;0;0;0;0;0;0;0;-1
110004615;0;130;184;0;0;0;0;0
110004616;0;0;0;-5;0;0;0;0
110004618;0;0;0;0;0;0;0;1
110004619;0;0;0;0;0;0;0;60
110004623;0;0;0;0;0;0;0;1
110004624;0;0;0;0;0;0;0;0
110004625;0;0;0;0;0;0;0;0
110004626;0;0;0;0;0;0;0;0
110004627;0;0;0;0;0;0;0;0
110004628;0;0;29;0;0;0;0;0
110004629;0;0;-28;0;0;0;0;10
110004630;0;0;0;0;0;0;0;0
110004631;0;0;0;0;0;0;0;0
110004632;0;0;-20;0;0;0;0;0
110004633;0;0;0;0;0;0;0;0
110004634;0;0;0;0;0;0;0;0
110004635;0;0;0;0;0;0;0;0
110004636;0;0;0;0;0;0;0;0
110004637;0;0;0;-2;0;0;0;-1
110004638;0;0;0;0;0;0;0;0
110004639;0;0;0;0;-1;0;0;0
110004640;0;0;0;0;0;0;0;0
110004641;0;0;0;0;0;0;0;0
110004642;0;0;0;0;0;0;0;0
110004643;0;0;0;0;0;0;0;0
110004644;0;1;0;0;0;0;0;0
110004645;0;5;0;0;0;0;0;0
110004646;0;0;0;0;0;0;0;0
110004647;0;0;0;0;0;0;0;0
110004648;0;0;0;0;0;0;0;0
110004649;0;0;0;0;0;0;0;0
110004650;0;0;0;0;0;0;0;0
110004651;0;0;0;0;0;0;0;0
110004652;0;0;0;0;0;0;0;0
110004653;0;0;0;0;0;0;0;0
110004654;0;0;0;0;0;0;0;0
110004655;0;0;0;0;0;0;0;0
110004656;0;0;0;0;0;0;0;0
110004657;0;0;0;0;0;0;0;0
110004658;0;0;0;0;0;0;0;0
110004662;0;0;0;0;0;0;0;0
110004663;0;0;0;0;0;0;0;0
110004664;0;0;0;0;0;0;0;0
110004665;0;0;49;0;0;0;0;0
110004666;0;0;28;0;0;0;0;0
110004667;0;0;0;0;0;0;0;0
110004668;0;0;0;0;0;0;0;0
110004669;0;1;-7;0;0;0;0;0
110004670;0;0;0;0;0;0;0;0
110004671;0;0;0;0;0;0;0;-3
110004673;0;0;0;0;0;0;0;0
110004674;0;0;0;0;0;0;0;0
110004675;0;0;0;0;0;0;0;0
110004676;0;0;0;0;0;0;0;0
110004677;0;0;0;0;0;0;0;0
110004678;0;0;0;0;0;0;0;0
110004679;0;-1;0;0;0;0;0;0
110004680;0;0;-336;0;0;0;0;0
110004681;0;0;0;0;0;0;0;0
110004682;0;6;0;0;0;0;0;0
110004683;0;0;0;0;0;0;0;0
110004684;0;-59;0;0;0;0;0;0
110004685;0;0;-28;0;0;0;0;0
110004686;0;-2;0;0;0;0;0;0
110004687;0;0;-1;0;0;0;0;0
110004688;0;0;0;0;0;0;0;0
110004690;0;0;0;0;-25;0;0;0
110004691;0;0;0;0;0;0;0;0
110004692;0;0;1;0;0;0;0;0
110004693;0;0;0;0;0;0;0;0
110004694;0;0;0;0;0;0;0;0
110004695;0;0;0;0;0;0;0;0
110004697;0;0;0;-1;0;0;0;-1
110004698;0;0;0;3;0;0;0;-3
110004699;0;0;0;0;0;0;0;0
110004700;0;0;0;0;0;0;0;0
110004701;0;0;-1;0;0;0;0;-1
110004702;0;-2;1;0;0;0;0;-2
110004703;0;0;0;0;0;0;0;0
110004704;0;-112;0;0;0;0;0;0
110004705;0;0;-30;0;0;0;0;0
110004706;0;-4;4;0;0;0;0;0
110004707;0;0;0;0;0;0;0;0
110004708;0;0;0;0;0;0;0;0
110004709;0;0;0;0;0;0;0;0
110004710;0;32;0;0;0;0;0;0
110004711;0;0;0;0;0;0;0;0
110004712;0;0;0;0;0;0;0;0
110004713;0;3;-115;0;0;0;0;0
110004714;0;0;0;0;0;0;0;0
110004715;0;0;0;0;0;0;0;0
110004716;0;0;0;0;0;0;0;0
110004717;0;0;0;0;0;0;0;0
110004718;0;0;0;0;0;0;0;0
110004719;0;15;-90;0;0;0;0;0
110004720;0;10;21;0;0;0;0;0
110004721;0;0;0;0;0;0;0;0
110004722;0;19;-28;0;0;0;0;0
110004723;0;0;0;0;0;0;0;0
110004724;0;2;0;0;0;0;0;0
110004725;0;0;-60;0;0;0;0;0
110004726;0;0;0;0;0;0;0;0
110004727;0;-2;2;0;0;0;0;0
110004728;0;8;0;0;0;0;0;3
110004729;0;37;0;0;0;0;0;0
110004731;0;22;-28;0;0;0;0;0
110004732;0;0;4;0;0;0;0;0
110004733;0;-9;-240;0;0;0;0;0
110004734;0;16;-350;0;0;0;0;0
110004736;0;8;-450;0;0;0;0;0
110004737;0;0;-60;0;0;0;0;0
110004738;0;0;-60;0;0;0;0;0
110004739;0;12;-10;0;0;0;0;0
110004740;0;28;-90;0;0;0;0;0
110004750;0;5;-21;0;0;0;0;0
110004751;0;0;-5;0;0;0;0;0
110004752;0;0;0;0;0;0;0;0
110004753;0;0;0;0;0;0;0;0
110004754;0;-2;2;0;0;0;0;0
110004755;0;0;0;0;0;0;0;0
110004758;0;0;0;0;0;0;0;0
110004759;0;0;0;0;1;0;0;0
110004760;0;0;0;0;0;0;0;0
110004761;0;0;0;0;0;0;0;0
110004762;0;0;-1;0;0;0;0;0
110004763;0;0;0;0;0;0;0;0
110004764;0;0;0;0;0;0;0;-1
110004765;0;0;0;0;0;0;0;0
110004766;0;0;0;0;0;0;0;0
110004767;0;0;0;0;0;0;0;0
110004768;0;0;0;0;0;0;0;0
110004769;0;0;0;0;0;0;0;0
110004770;0;0;0;0;0;0;0;0
110004771;0;0;-40;0;0;0;0;0
110004772;0;0;0;0;0;0;0;-1
110004773;0;0;0;0;0;0;0;-1
110004774;0;19;-40;0;0;0;0;0
110004775;0;0;0;0;0;0;0;0
110004776;0;0;0;0;0;0;0;0
110004777;0;0;0;0;0;0;0;0
110004778;0;0;0;0;0;0;0;0
110004779;0;0;0;0;0;0;0;0
110004780;0;0;0;0;0;0;0;0
110004781;0;0;0;0;0;0;0;0
110004782;0;0;0;0;0;0;0;0
110004783;0;0;0;0;0;0;0;-1
110004785;0;0;0;0;0;0;0;0
110004786;0;0;0;0;0;0;0;0
110004787;0;-9;-1;0;0;0;0;-4
110004788;0;17;0;-733;0;0;0;19
110004789;0;0;0;0;0;0;0;-1
110004790;0;0;0;0;0;0;0;0
110004791;0;0;0;0;0;0;0;-60
110004793;0;0;0;0;0;0;0;0
110004794;0;0;0;0;0;0;0;0
110004795;0;0;0;0;0;0;0;0
110004796;0;0;0;0;0;0;0;0
110004797;0;2;0;0;0;0;0;0
110004798;0;0;0;0;0;0;0;0
110004799;0;0;0;0;0;0;0;-2
110004800;0;0;0;0;0;0;0;0
110004801;0;0;0;0;0;0;0;0
110004802;0;0;0;0;0;0;0;0
110004803;0;0;0;0;0;0;0;0
110004804;0;0;0;0;0;0;0;0
110004805;0;0;0;0;0;0;0;0
110004806;0;0;0;0;0;0;0;0
110004807;0;0;0;0;0;0;0;0
110004808;0;0;0;0;0;0;0;0
110004809;0;0;0;0;0;0;0;0
110004810;0;0;0;0;0;0;0;0
110004811;0;0;0;0;0;0;0;0
110004812;0;0;0;0;0;0;0;0
110004813;0;0;0;0;0;0;0;0
110004814;0;0;0;0;0;0;0;0
110004815;0;0;0;0;0;0;0;0
110004816;0;0;0;0;0;0;0;0
110006167;0;0;0;0;0;0;0;0
110009314;0;0;0;0;0;0;0;0
110999001;0;0;0;0;0;0;0;0
110999002;0;0;0;0;0;0;0;0
110999003;0;0;0;0;0;0;0;0
118000006;0;0;0;-84;0;0;0;0
118000025;0;0;0;0;0;0;0;0
118008796;0;136,5;70;-142;0;0;0;-10,5
118027946;0;47;-70;0;0;0;0;0
118036888;0;362;-120;0;0;0;0;0
118038818;0;0;0;0;0;0;0;-1
118041530;0;39,58;0;0;0;0;0;0
118043103;0;1071;-15;0;0;0;0;34
118047767;0;4;0;0;0;0;0;0
118054263;0;0;0;0;0;0;0;0
118054480;0;7;14;0;0;0;0;0
118068900;0;0;-15;0;0;0;0;0
118078969;0;0;0;0;0;0;0;0
118099920;0;0;0;0;0;0;0;0
118100275;0;0;0;0;0;0;0;0
119000000;0;0;0;0;0;0;0;0
119085105;0;0;0;0;0;0;0;0
119085187;0;0;-4;0;0;0;0;-3
120000001;0;0;0;0;0;0;0;0
120000004;0;0;0;0;0;0;0;0
120000005;0;0;0;0;0;0;0;0
120000007;0;0;0;0;0;0;0;0
120000008;0;0;0;0;0;0;0;0
120000009;0;0;0;0;0;0;0;0
120000010;0;0;0;0;0;0;0;0
120000011;0;0;0;0;0;0;0;0
120000013;0;0;0;0;0;0;0;0
120000014;0;0;0;0;0;0;0;0
120000015;0;0;0;0;0;0;0;0
120000016;0;0;0;0;0;0;0;0
120000017;0;0;0;0;0;0;0;0
120000018;0;0;0;0;0;0;0;0
120000019;0;0;1;0;0;0;0;-5
120000020;0;0;26;0;0;0;0;12
120000022;0;0;0;0;0;0;0;0
120000023;0;0;0;0;0;0;0;0
120000104;0;0;0;0;0;0;0;0
120000105;0;0;0;0;0;0;0;-5
120000107;0;0;0;0;0;0;0;0
120000108;0;0;-200;0;0;0;0;-100
120000109;0;0;0;0;0;0;0;0
120000110;0;0;0;0;0;0;0;0
120000113;0;0;-6;0;0;0;0;0
120000136;0;0;0;0;0;0;0;0
120000137;0;0;-50;0;0;0;0;0
120000139;0;0;0;0;0;0;0;0
120000140;0;0;0;0;0;0;0;0
120000141;0;0;6300;0;0;0;0;901
120000142;0;0;0;0;0;0;0;0
120000143;0;0;0;0;0;0;0;0
120000144;0;0;0;0;0;0;0;0
120000145;0;0;0;0;0;0;0;0
120000146;0;0;0;0;0;0;0;0
120000147;0;0;0;0;0;0;0;0
120007610;0;0;0;0;0;0;0;0
120007611;0;0;0;0;0;0;0;0
120009178;0;0;1;0;0;0;0;0
121000001;0;0;-3;0;0;0;0;0
128000482;0;0;8;0;0;0;0;-2
128000483;0;0;0;0;0;0;0;0
128000484;0;0;0;0;0;0;0;4
128000485;0;0;-164;0;0;0;0;0
128000486;0;0;-12;0;0;0;0;25
128000487;0;0;40;0;0;0;0;-2
190000134;0;0;0;0;0;0;0;0
190000136;0;0;0;0;0;-3,548;0;0
190000139;0;0;0;0;0;0;0;0
190000142;0;0;0;0;0;0;0;0
190000143;0;0;0;0;0;0,002;0;0
190000144;0;0;0;0;0;-349,7;0;0
190000145;0;0;0;0;0;0;0;0
190000147;0;0;0;0;0;0;0;0
190000148;0;0;0;0;0;0;0;0
190000151;0;0;0;0;0;-58,8;0;0
190000152;0;0;0;0;0;0;0;0
190000154;0;0;0;0;0;0;0;0
190000160;0;0;0;0;0;0;0;0
190000164;0;0;0;0;0;0;0;0
190000166;0;0;0;0;0;-0,003;0;0
190000170;0;0;0;0;0;0;0;0
190000171;0;0;0;0;0;0,088;0;0
190000172;0;0;0;0;0;0;0;0
190000173;0;0;0;0;0;0;0;0
190000176;0;0;0;0;0;0;0;0
190000180;0;0;0;0;0;-40;0;0
190000182;0;0;0;0;0;-1,038;0;0
190000183;0;0;0;0;0;0;0;0
190000186;0;0;0;0;0;54,43;0;0
190000187;0;0;0;0;0;-1,76;0;0
190000188;0;0;0;0;0;0;0;0
190000189;0;0;0;0;0;0;0;0
190000190;0;0;0;0;0;-1384,4;0;0
190000194;0;0;0;0;0;0;0;0
190000199;0;0;0;0;0;-10;0;0
190000201;0;0;0;0;0;0;0;0
190000202;0;0;0;0;0;0;0;0
190000214;0;0;0;0;0;0;0;0
190000215;0;0;0;0;0;1;0;0
190000216;0;0;0;0;0;0;0;0
190000217;0;0;0;0;0;0;0;0
190000219;0;0;0;0;0;0;0;0
190000220;0;0;0;0;0;-8,2;0;0
190000222;0;0;0;0;0;0,152;0;0
190000223;0;0;0;0;0;-60,4;0;0
190000224;0;0;0;0;0;0,002;0;0
190000225;0;0;0;0;0;0;0;0
190000227;0;0;0;0;0;-2,82;0;0
190000230;0;0;0;0;0;0;0;0
190000232;0;0;0;0;0;-65;0;0
190000233;0;0;0;0;0;0;0;0
190000236;0;0;0;0;0;9,998;0;0
190000237;0;0;0;0;0;0;0;0
190000241;0;0;0;0;0;0;0;0
190000242;0;0;0;0;0;0,019;0;0
190000243;0;0;0;0;0;0;0;0
190000244;0;0;0;0;0;0;0;0
190000300;0;0;0;0;0;0;0;0
190000303;0;0;0;0;0;0;0;0
190000304;0;0;0;0;0;0;0;0
190000305;0;0;0;0;0;0;0;0
190000306;0;0;0;0;0;-680,4;0;0
190000308;0;0;0;0;0;0;0;0
190000310;0;0;0;0;0;-6,75;0;0
190000311;0;0;0;0;0;0;0;0
190000312;0;0;0;0;0;0;0;0
190000313;0;0;0;0;0;0;0;0
190000314;0;0;0;0;0;0;0;0
190000315;0;0;0;0;0;0;0;0
190000316;0;0;0;0;0;0;0;0
190000317;0;0;0;0;0;0;0;0
190000318;0;0;0;0;0;0;0;0
190000319;0;0;0;0;0;0;0;0
190000320;0;0;0;0;0;0;0;0
190000321;0;0;0;0;0;0;0;0
190000322;0;0;0;0;0;-0,022;0;0
190000323;0;0;0;0;0;0;0;0
190000325;0;0;0;0;0;0;0;0
190000326;0;0;0;0;0;-8,2;0;0
190000327;0;0;0;0;0;-162,5;0;0
190000328;0;0;0;0;0;0,032;0;0
190000329;0;0;0;0;0;-0,512;0;0
190000330;0;0;0;0;0;0;0;0
190000331;0;0;0;0;0;-4;0;0
190000332;0;0;0;0;0;-197;0;0
190000333;0;0;0;0;0;0;0;0
190000334;0;0;0;0;0;0;0;0
190000395;0;0;0;0;0;-34,912;0;0
190000396;0;0;0;0;0;0;0;0
190000397;0;0;0;0;0;-24,292;0;0
190000398;0;0;0;0;0;-1,679;0;0
190000399;0;0;0;0;0;0;0;0
190000400;0;0;0;0;0;0;0;0
190000401;0;0;0;0;0;0;0;0
190000402;0;0;0;0;0;0;0;0
190000403;0;0;0;0;0;0;0;0
190000404;0;0;0;0;0;0;0;0
190000405;0;0;0;0;0;0;0;0
190000406;0;0;0;0;0;200;0;0
190000407;0;0;0;0;0;0;0;0
190000408;0;0;0;0;0;-237;0;0
190000409;0;0;0;0;0;-0,01;0;0
190000410;0;0;0;0;0;0;0;0
190000411;0;0;0;0;0;0;0;0
190000412;0;0;0;0;0;0;0;0
190002945;0;0;0;0;0;-0,033;0;0
